kW,CH01+CH02+CH03+CH04+CH05,CH01+CH02+CH03+CH04+CH06,CH01+CH02+CH03+CH04+CH07,CH01+CH02+CH03+CH05+CH06,CH01+CH02+CH03+CH05+CH07,CH01+CH02+CH03+CH06+CH07,CH01+CH02+CH04+CH05+CH06,CH01+CH02+CH04+CH05+CH07,CH01+CH02+CH04+CH06+CH07,CH01+CH02+CH05+CH06+CH07,CH01+CH03+CH04+CH05+CH06,CH01+CH03+CH04+CH05+CH07,CH01+CH03+CH04+CH06+CH07,CH01+CH03+CH05+CH06+CH07,CH01+CH04+CH05+CH06+CH07,CH02+CH03+CH04+CH05+CH06,CH02+CH03+CH04+CH05+CH07,CH02+CH03+CH04+CH06+CH07,CH02+CH03+CH05+CH06+CH07,CH02+CH04+CH05+CH06+CH07,CH03+CH04+CH05+CH06+CH07
0,-,-,-,-,-,-,-,-,-,-,-,-,-,-,-,-,-,-,-,-,-
100,-,-,-,-,-,-,-,-,-,-,-,-,-,-,-,-,-,-,-,-,-
200,-,-,-,-,-,-,-,-,-,-,-,-,-,-,-,-,-,-,-,-,-
300,-,-,-,-,-,-,-,-,-,-,-,-,-,-,-,-,-,-,-,-,-
400,-,-,-,-,-,-,-,-,-,-,-,-,-,-,-,-,-,-,-,-,-
500,-,-,-,-,-,-,-,-,-,-,-,-,-,-,-,-,-,-,-,-,-
600,-,-,-,-,-,-,-,-,-,-,-,-,-,-,-,-,-,-,-,-,-
700,-,-,-,-,-,-,-,-,-,-,-,-,-,-,-,-,-,-,-,-,-
800,-,-,-,-,-,-,-,-,-,-,-,-,-,-,-,-,-,-,-,-,-
900,-,-,-,-,-,-,-,-,-,-,-,-,-,-,-,-,-,-,-,-,-
1000,-,-,-,-,-,-,-,-,-,-,-,-,-,-,-,-,-,-,-,-,-
1100,-,-,-,-,-,-,-,-,-,-,-,-,-,-,-,-,-,-,-,-,-
1200,-,-,-,-,-,-,-,-,-,-,-,-,-,-,-,-,-,-,-,-,-
1300,-,-,-,-,-,-,-,-,-,-,-,-,-,-,-,-,-,-,-,-,-
1400,-,-,-,-,-,-,-,-,-,-,-,-,-,-,-,-,-,-,-,-,-
1500,-,-,-,-,-,-,-,-,-,-,-,-,-,-,-,-,-,-,-,-,-
1600,-,-,-,-,-,-,-,-,-,-,-,-,-,-,-,-,-,-,-,-,-
1700,-,-,-,-,-,-,-,-,-,-,-,-,-,-,-,-,-,-,-,-,-
1800,-,-,-,-,-,-,-,-,-,-,-,-,-,-,-,-,-,-,-,-,-
1900,-,-,-,-,-,-,-,-,-,-,-,-,-,-,-,-,-,-,-,-,-
2000,-,-,-,-,-,-,-,-,-,-,-,-,-,-,-,-,-,-,-,-,-
2100,-,-,-,-,-,-,-,-,-,-,-,-,-,-,-,-,-,-,-,-,-
2200,-,-,-,-,-,-,-,-,-,-,-,-,-,-,-,-,-,-,-,-,-
2300,-,-,-,-,-,-,-,-,-,-,-,-,-,-,-,-,-,-,-,-,-
2400,-,-,-,-,-,-,-,-,-,-,-,-,-,-,-,-,-,-,-,-,-
2500,-,-,-,-,-,-,-,-,-,-,-,-,-,-,-,-,-,-,-,-,-
2600,-,-,-,-,-,-,-,-,-,-,-,-,-,-,-,-,-,-,-,-,-
2700,-,-,-,-,-,-,-,-,-,-,-,-,-,-,-,-,-,-,-,-,-
2800,-,-,-,-,-,-,-,-,-,-,-,-,-,-,-,-,-,-,-,-,-
2900,-,-,-,-,-,-,-,-,-,-,-,-,-,-,-,-,-,-,-,-,-
3000,-,-,-,-,-,-,-,-,-,-,-,-,-,-,-,-,-,-,-,-,-
3100,-,-,-,-,-,-,-,-,-,-,-,-,-,-,-,-,-,-,-,-,-
3200,-,-,-,-,-,-,-,-,-,-,-,-,-,-,-,-,-,-,-,-,-
3300,-,-,-,-,-,-,-,-,-,-,-,-,-,-,-,-,-,-,-,-,-
3400,-,-,-,-,-,-,-,-,-,-,-,-,-,-,-,-,-,-,-,-,-
3500,-,-,-,-,-,-,-,-,-,-,-,-,-,-,-,-,-,-,-,-,-
3600,-,-,-,-,-,-,-,-,-,-,-,-,-,-,-,-,-,-,-,-,-
3700,-,-,-,-,-,-,-,-,-,-,-,-,-,-,-,-,-,-,-,-,-
3800,-,-,-,-,-,-,-,-,-,-,-,-,-,-,-,-,-,-,-,-,-
3900,-,-,-,-,-,-,-,-,-,-,-,-,-,-,-,-,-,-,-,-,-
4000,-,-,-,-,-,-,-,-,-,-,-,-,-,-,-,-,-,-,-,-,-
4100,-,-,-,-,-,-,-,-,-,-,-,-,-,-,-,-,-,-,-,-,-
4200,-,-,-,-,-,-,-,-,-,-,-,-,-,-,-,-,-,-,-,-,-
4300,-,-,-,-,-,-,-,-,-,-,-,-,-,-,-,-,-,-,-,-,-
4400,-,-,-,-,-,-,-,-,-,-,-,-,-,-,-,-,-,-,-,-,-
4500,-,-,-,-,-,-,-,-,-,-,-,-,-,-,-,-,-,-,-,-,-
4600,-,-,-,-,-,-,-,-,-,-,-,-,-,-,-,-,-,-,-,-,-
4700,-,-,-,-,-,-,-,-,-,-,-,-,-,-,-,-,-,-,-,-,-
4800,-,-,-,-,-,-,-,-,-,-,-,-,-,-,-,-,-,-,-,-,-
4900,-,-,-,-,-,-,-,-,-,-,-,-,-,-,-,-,-,-,-,-,-
5000,-,-,-,-,-,-,-,-,-,-,-,-,-,-,-,-,-,-,-,-,-
5100,-,-,-,-,-,-,-,-,-,-,-,-,-,-,-,-,-,-,-,-,-
5200,-,-,-,-,-,-,-,-,-,-,-,-,-,-,-,-,-,-,-,-,-
5300,-,-,-,-,-,-,-,-,-,-,-,-,-,-,-,-,-,-,-,-,-
5400,-,-,-,-,-,-,-,-,-,-,-,-,-,-,-,-,-,-,-,-,-
5500,-,-,-,-,-,-,-,-,-,-,-,-,-,-,-,-,-,-,-,-,-
5600,-,-,-,-,-,-,-,-,-,-,-,-,-,-,-,-,-,-,-,-,-
5700,-,-,-,-,-,-,-,-,-,-,-,-,-,-,-,-,-,-,-,-,-
5800,-,-,-,-,-,-,-,-,-,-,-,-,-,-,-,-,-,-,-,-,-
5900,-,-,-,-,-,-,-,-,-,-,-,-,-,-,-,-,-,-,-,-,-
6000,-,-,-,-,-,-,4.644234539487041,-,-,-,4.398605800910855,-,-,-,5.229612411146492,4.064876277075124,-,-,-,4.764537895093038,4.506372591970726
6100,-,-,-,-,-,-,4.721638448478491,-,-,-,4.4719158975927025,-,-,-,5.316772617998934,4.132624215026375,-,-,-,4.843946860011255,4.581478801836904
6200,-,-,-,-,-,-,4.799042357469943,-,-,-,4.545225994274549,-,-,-,5.403932824851376,4.200372152977628,-,-,-,4.923355824929472,4.656585011703083
6300,4.415884799642758,4.40371773267543,-,4.154855436469636,-,-,4.848443152738859,5.206991875987208,5.19008318807726,4.847860980430219,4.59458171059195,4.913982703590482,4.898920700847539,4.592886584979221,5.457373045460301,4.246783111368411,4.519216699481333,4.506474372027314,4.246205840730237,4.973564877166969,4.706792246012628
6400,4.485978209160898,4.473618014146469,-,4.220805522762805,-,-,4.925402567861699,5.289642540685418,5.2724654609038835,4.924811154722762,4.667511579014045,4.991982429044299,4.976681346892737,4.6657895466455575,5.543998014435861,4.314192367104418,4.590950297885799,4.578005711265843,4.3136059334402415,5.052510351407714,4.781503234044575
6500,4.556071618679037,4.543518295617507,-,4.286755609055974,-,-,4.946458251292822,5.372293205383627,5.354847733730506,5.001761329015305,4.690209231192069,5.069982154498116,5.054441992937936,4.738692508311894,5.559894501677953,4.3386520306233844,4.662683896290265,4.649537050504371,4.381006026150245,5.072646455896185,4.8035121049503955
6600,4.5907855315468264,4.578233032358631,4.893976408058691,4.321371078466876,4.6015944701997045,4.588982873258307,5.02255760900502,5.405920283889214,5.388522870984961,5.036190757889373,4.762366296287332,5.105680433295113,5.090159054959294,4.774621791110554,5.645431340165307,4.405400523402206,4.697598035533137,4.684455466402838,4.415885616562883,5.150687170602279,4.877412291180402
6700,4.660342888085414,4.64760019951558,4.96812756575655,4.386846397837586,4.671315598536063,4.658512916792524,5.066793404068378,5.487828166978446,5.470167156908976,5.1124966784634545,4.807840199210202,5.183039227738979,5.167282677004132,4.8469645455213195,5.694072799764202,4.447936760547035,4.768773763344245,4.755432064378638,4.482792974389594,5.196129022455781,4.924141773607822
6800,4.701884251896759,4.687568993876633,5.04227872345441,4.418291595594624,4.741036726872423,4.72804296032674,5.142417186218653,5.530928630165884,5.511130765830685,5.142641516123844,4.8795990081536385,5.225768153509033,5.2080911646114885,4.877797531488196,5.779058960954712,4.5143238763760944,4.810618694101254,4.795634734093484,4.5141712968902805,5.273683186970047,4.997636426945252
6900,4.7710296085423005,4.7565038320218775,5.116429881152269,4.483266472000428,4.810757855208782,4.797573003860958,5.2180409683689275,5.612265815903618,5.592176806504665,5.218268597243313,4.951357817097074,5.302617685178284,5.284680740561658,4.949529848127728,5.864045122145223,4.580710992205154,4.881363086661566,4.866158774300741,4.580556168903373,5.351237351484312,5.071131080282682
7000,4.840174965187841,4.825438670167122,5.135346682373761,4.548241348406231,4.8316161747241555,4.818506374819251,5.233508281168736,5.6936030016413515,5.6732228471786454,5.293895678362781,4.968920493154067,5.379467216847534,5.361270316511827,5.02126216476726,5.873164545450158,4.600674770076632,4.952107479221879,4.936682814507999,4.646941040916465,5.365543073010514,5.087790714076519
7100,4.868736310874394,4.85403522835368,5.208708777836243,4.577362321408501,4.9006392629345,4.887342180173812,5.308272685185432,5.719399921274869,5.6991236225854625,5.321474498536219,5.039905071627697,5.409067338044496,5.390928223839726,5.05180425753175,5.957066896099446,4.6663986953634415,4.981162751384205,4.9657759626338756,4.676597757501186,5.442193688339235,5.160473438563327
7200,4.93731006173178,4.922401921710774,5.2707722322167125,4.641832213259325,4.950376480384605,4.935389447967299,5.346985009592956,5.7999548497435285,5.7793929693824415,5.396424843586025,5.0811764302378055,5.4852513850592075,5.46685679037268,5.122956430173042,6.000410645605024,4.704805213181919,5.051319973234686,5.035716469149846,4.742465331550499,5.482483376615945,5.203383946847883
7300,5.005883812589166,4.990768615067868,5.343977402108612,4.706302105110149,5.0191317092788355,5.003936523633511,5.421248690281747,5.880509778212189,5.85966231617942,5.471375188635831,5.151748325102219,5.561435432073918,5.542785356905634,5.194108602814334,6.083749682349538,4.770149730031667,5.121477195085168,5.1056569756658154,4.808332905599811,5.558628979068945,5.275653168331882
7400,5.043602773238453,5.026889619260091,5.355511209179426,4.733858457688423,5.033447685891936,5.01837171976888,5.4955123709705385,5.91853132778721,5.895529889855329,5.496497568305128,5.222320219966634,5.599561834857351,5.578968525360913,5.220334545178082,6.167088719094052,4.835494246881416,5.159342741373815,5.141855053232968,4.835675510794104,5.634774581521944,5.34792238981588
7500,5.066710010016296,5.050067765406606,5.427882982276445,4.758121845237592,5.1014672492148,5.086187553819811,5.569776051659329,5.937425776186667,5.91458498639865,5.51805166777488,5.292892114831048,5.623811424236591,5.603315642667664,5.246160963233744,6.250427755838567,4.900838763731165,5.183242377676521,5.165827114894524,4.860747906503082,5.710920183974943,5.420191611299878
7600,5.13426614348318,5.117402002278694,5.500254755373464,4.8215634698407595,5.169486812537665,5.154003387870742,5.539125293766655,6.016591453202489,5.993446119550632,5.591625690011878,5.272217663956552,5.6987955765597444,5.678026517903233,5.3161097760768605,6.20804767981989,4.885629117575399,5.252352276045542,5.234704809759784,4.925557878589791,5.67892504962517,5.398715429761391
7700,5.201822276950064,5.184736239150782,5.572626528470484,4.885005094443927,5.237506375860528,5.221819221921673,5.612008521316215,6.095757130218312,6.072307252702615,5.665199712248876,5.341588949008613,5.773779728882899,5.752737393138802,5.386058588919977,6.289732517712257,4.9499137112277065,5.321462174414562,5.303582504625044,4.990367850676498,5.753647747646554,5.4697511591003565
7800,5.269378410416948,5.252070476022871,5.632344270353637,4.948446719047095,5.284616800895555,5.267208782300046,5.684891748865777,6.174922807234133,6.1511683858545965,5.738773734485875,5.410960234060672,5.848763881206054,5.827448268374371,5.4560074017630935,6.371417355604624,5.014198304880015,5.390572072783582,5.372460199490305,5.055177822763206,5.828370445667938,5.540786888439322
7900,5.336934543883832,5.319404712894959,5.635816279417759,5.011888343650263,5.291811102752924,5.274575967191,5.757774976415338,6.254088484249956,6.230029519006578,5.812347756722874,5.480331519112733,5.9237480335292085,5.902159143609939,5.525956214606211,6.453102193496991,5.0784828985323225,5.459681971152603,5.4413378943555655,5.119987794849914,5.903093143689322,5.611822617778287
8000,5.320797955197118,5.30198872061758,5.707155725992668,4.991507479734187,5.358796053420683,5.341342751585822,5.7865480730399455,6.2197146074758205,6.194028446002229,5.774418033740864,5.514200744692597,5.901038865453496,5.877912512577774,5.4987283233197095,6.486919445945843,5.109640109996466,5.4430746672573065,5.4233925918727985,5.098964907799429,5.934192226393486,5.648113222064513
8100,5.387307929637082,5.3682635796252995,5.778495172567577,5.053901323230864,5.425781004088442,5.408109535980645,5.858879923952945,6.297461040069268,6.271453801577257,5.846598259162626,5.583128254001254,5.974801851271665,5.951386418984996,5.567462427361206,6.568005939020166,5.173510611371421,5.511113100598023,5.4911849992712085,5.162701969146922,6.008369629223405,5.7187146373403195
8200,5.453817904077046,5.4345384386330196,5.849834619142484,5.116295166727542,5.492765954756201,5.474876320375468,5.861823753203224,6.375207472662716,6.348879157152285,5.9187784845843865,5.589010899249403,6.048564837089834,6.024860325392218,5.636196531402702,6.562014546070858,5.183203389945433,5.579151533938739,5.5589774066696185,5.226439030494414,6.009594733590216,5.723189827931948
8300,5.52032787851701,5.50081329764074,5.921174065717393,5.178689010224219,5.559750905423959,5.541643104770291,5.933309408730092,6.452953905256163,6.426304512727313,5.990958710006147,5.657169568752445,6.1223278229080025,6.0983342317994405,5.704930635444199,6.642039113705869,5.246413187383792,5.647189967279456,5.6267698140680285,5.290176091841907,6.082882474243755,5.792984825833558
8400,5.53196961478173,5.512605264151703,5.902844862665667,5.1927664085329805,5.537620216142498,5.518216355458532,5.957217826613488,6.457078224325405,6.430711188498136,5.999630053264432,5.6873572398702805,6.135055707160037,6.111248158194433,5.720632617254189,6.6711201152519575,5.274010240367762,5.660189848152489,5.63991908368043,5.305584248613791,6.1094702880159595,5.825967654447666
8500,5.597826395910083,5.578231517296366,5.973116825316449,5.254585056253611,5.60354426633467,5.583909407309228,6.028137086454125,6.533948203186421,6.507267274075494,6.071054220565199,5.75506387367826,6.2080920846262275,6.1840011124586525,5.7887353865072155,6.7505382118621,5.336796076562616,5.727573060630494,5.707060977533768,5.368745965859193,6.1822020771590065,5.895324412238709
8600,5.627799088890405,5.606555109034647,6.043388787967231,5.274309932691909,5.669468316526843,5.649602459159925,6.099056346294762,6.561980557590615,6.533116555559574,6.086356117026009,5.82277050748624,6.237024308568207,6.210942593111352,5.8057924785195185,6.829956308472242,5.39958191275747,5.757394977274078,5.735163260009863,5.387972545291926,6.254933866302054,5.964681170029753
8700,5.693238613179829,5.671747610302492,6.1136607506180125,5.335639117955768,5.735392366719016,5.7152955110106225,6.0963976986255215,6.638282657097482,6.609083027135848,6.157127699782125,5.823378123814166,6.309547847039931,6.283162855821949,5.873301693386024,6.817236615311871,5.404619771767646,5.824341430498196,5.8018512048936985,5.450623388841832,6.2503023099006105,5.963647965930408
8800,5.758678137469252,5.736940111570337,6.183932713268795,5.396968303219628,5.801316416911188,5.780988562861319,6.166471235391333,6.71458475660435,6.685049498712122,6.2278992825382415,5.890313504547662,6.3820713855116535,6.355383118532546,5.94081090825253,6.8955956568671795,5.466741838109803,5.891287883722313,5.8685391497775345,5.513274232391738,6.322144865186824,6.032195643699723
8900,5.7644220767085965,5.74288456606764,6.171291801408504,5.405831721726549,5.794210358525626,5.774159242464554,6.18499405107048,6.711144853107275,6.681969859444637,6.23001118539543,5.916402090751967,6.388821255845281,6.362375882275136,5.951287112235695,6.919343801040191,5.490411814693678,5.8986728029769795,5.876122375250046,5.5237283539524835,6.343711182554564,6.0614718505456
9000,5.829190864087344,5.807411358944805,6.225716975590464,5.4665714039931395,5.835656472775911,5.813828716613071,6.2544883662510475,6.786550975052299,6.757048172472104,6.30001131107403,5.982878518737945,6.460605764337925,6.433863251738901,6.018155506755197,6.997089237006935,5.552101835083494,5.964950025482339,5.942146222162968,5.5857927174800395,6.4149888362911325,6.129578275832629
9100,5.893959651466093,5.871938151821969,6.294891608652581,5.52731108625973,5.900497100251199,5.878426813464328,6.323982681431614,6.861957096997325,6.832126485499573,6.37001143675263,6.0493549467239225,6.532390272830568,6.505350621202667,6.085023901274699,7.074834672973679,5.613791855473311,6.031227247987698,6.00817006907589,5.647857081007595,6.486266490027701,6.197684701119658
9200,5.920027879716421,5.896304968161439,6.3640662417146965,5.542977672981363,5.965337727726487,5.943024910315584,6.393476996612182,6.884962660331146,6.852897006941731,6.380220502985802,6.1158313747099,6.5566695161673225,6.5275824472708,6.097308864678766,7.152580108940422,5.675481875863127,6.0569864125741075,6.032155457476746,5.66286917509497,6.557544143764269,6.265791126406688
9300,5.984376008843773,5.960395239554497,6.344476767253808,5.603227430296377,5.9521210277567995,5.930144769379053,6.329454284904496,6.95979921098692,6.92738501788675,6.449570725844343,6.067104026530754,6.627937663082185,6.5985344303933084,6.16358396103397,7.074413792222238,5.634336476066143,6.122823221406435,6.097722364623232,5.7244221009112195,6.492900464455466,6.2171210434478885
9400,5.984257538502881,5.960531809853757,6.41269694754686,5.606922524566162,6.016122329130528,5.993909766899258,6.397512933129275,6.948836081958173,6.916865856881591,6.445174287256559,6.132341704235386,6.628725313682945,6.599626608722469,6.168863390355762,7.150482757730003,5.694920739249651,6.124633800236231,6.099784230518388,5.729972161786893,6.5627165984818685,6.283971807355931
9500,6.0479198527422735,6.023941722724541,6.480917127839912,5.666570636529632,6.080123630504258,6.057674764419463,6.465571581354055,7.02275987006411,6.990449536210119,6.5137399711635435,6.197579381940018,6.699243668083827,6.669835402432282,6.234489596636142,7.22655172323777,5.755505002433157,6.189789478962148,6.164675552119648,5.7909293124442005,6.632532732508272,6.350822571263972
9600,6.111582166981665,6.087351635595326,6.549137308132964,5.726218748493102,6.144124931877987,6.121439761939667,6.533630229578835,7.096683658170049,7.064033215538646,6.582305655070528,6.262817059644649,6.769762022484709,6.740044196142096,6.3001158029165225,7.302620688745535,5.8160892656166645,6.254945157688066,6.229566873720907,5.851886463101509,6.702348866534675,6.417673335172014
9700,6.175244481221058,6.150761548466111,6.601008609509303,5.785866860456572,6.182553931523259,6.158013120217635,6.542027731472264,7.170607446275986,7.137616894867174,6.650871338977512,6.281385338220539,6.840280376885592,6.810252989851909,6.365742009196903,7.316285679995262,5.832626286240801,6.3201008364139835,6.294458195322167,5.912843613758816,6.714555800878852,6.440272862822306
9800,6.128875100420831,6.1032057501601935,6.573570612650409,5.73743046261555,6.1624487909960335,6.138314834008269,6.528133110188735,7.097702932498613,7.063299519005529,6.577968211295898,6.271119015744297,6.785463329270128,6.754013555218786,6.308915637651718,7.290128766778967,5.82801565312312,6.274003416335211,6.2471066688112655,5.864420356825934,6.698120903716512,6.427824725942134
9900,6.19141464226186,6.165483359855706,6.640647863799902,5.79597567141775,6.225330921516401,6.200950699661415,6.594746713353926,7.17012847262615,7.13537400389334,6.645090335900958,6.335110026109035,6.854702750997374,6.822932060884284,6.373292327831837,7.364517835827732,5.887485200603968,6.33802385935904,6.310852655227707,5.924261380875178,6.766469076203415,6.493414774166034
10000,6.253954184102888,6.227760969551218,6.707725114949397,5.854520880219949,6.288213052036769,6.263586565314561,6.661360316519118,7.242554012753687,7.207448488781152,6.712212460506019,6.399101036473772,6.92394217272462,6.891850566549782,6.437669018011957,7.438906904876497,5.946954748084816,6.402044302382868,6.374598641644149,5.984102404924422,6.834817248690318,6.559004822389933
10100,6.316493725943917,6.290038579246731,6.77480236609889,5.9130660890221485,6.3510951825571365,6.3262224309677055,6.727973919684309,7.314979552881224,7.279522973668964,6.779334585111079,6.4630920468385105,6.993181594451866,6.96076907221528,6.502045708192076,7.513295973925262,6.006424295565664,6.466064745406697,6.43834462806059,6.043943428973667,6.9031654211772215,6.624594870613832
10200,6.379033267784946,6.352316188942242,6.8418796172483844,5.9716112978243485,6.413977313077504,6.388858296620851,6.730927433025274,7.387405093008761,7.351597458556776,6.846456709716139,6.477532340385662,7.062421016179113,7.029687577880777,6.566422398372196,7.521474734045528,6.019084792026373,6.530085188430526,6.502090614477032,6.103784453022911,6.910320539120544,6.64350615670267
10300,6.367398244548297,6.341035710281385,6.78917531080598,5.9651064235685105,6.360030387525403,6.33372870129615,6.796916917662776,7.361458816672922,7.3262452283024055,6.829004583341878,6.541037559409051,7.0513952813401595,7.019079092166997,6.561357300200468,7.595214682418523,6.078095427242318,6.520979948685074,6.493333109105317,6.09968952436852,6.978068779700158,6.708638570003677
10400,6.385832022420175,6.357675808070396,6.855089634211863,5.972929633097288,6.421778255365456,6.395221212959219,6.776670737681139,7.375000789962193,7.337471797072585,6.8297347900555145,6.524640020956677,7.066686585326233,7.032222494409114,6.564505496579972,7.561431318539429,6.068054178396084,6.538794052459425,6.50927592969567,6.106543440208948,6.954953812533376,6.689747116419283
10500,6.447234253404985,6.418807306224919,6.921003957617747,6.030361648800147,6.483526123205508,6.456713724622289,6.841831033235765,7.445914259096446,7.408024410505974,6.895405316882972,6.587376944235107,7.1346354948005235,7.099840018393817,6.627625741739395,7.634137388910001,6.126400853188354,6.601667072194611,6.57186512132736,6.165260204057111,7.02182836842312,6.754071607923315
10600,6.508636484389794,6.479938804379442,6.98691828102363,6.087793664503005,6.54527399104556,6.518206236285358,6.839973988151164,7.516827728230697,7.478577023939365,6.961075843710429,6.598184464186687,7.202584404274814,7.16745754237852,6.6907459868988175,7.637462082709247,6.135679403342436,6.664540091929798,6.634454312959049,6.223976967905274,7.02455159712956,6.7697795873272915
10700,6.491852142960839,6.463567619119372,7.052832604429513,6.076770503188313,6.607021858885613,6.579698747948427,6.904502044643156,7.484280099871557,7.446711714564723,6.937928847278021,6.660431487433732,7.186301179118515,7.151657811963114,6.681120439644786,7.709513611791409,6.193563171298496,6.650588998052354,6.620907515708841,6.21564028400951,7.090820951819461,6.833645432490756
10800,6.552523658315614,6.523974793129834,7.009351223624593,6.133562750881661,6.572673426386423,6.545882442086188,6.969030101135148,7.554226642861011,7.516307151149439,7.002769303794638,6.722678510680776,7.253462872381305,7.218495735439404,6.743560817585392,7.781565140873572,6.251446939254557,6.7127440354173284,6.682785156042569,6.273730380121748,7.157090306509363,6.897511277654221
10900,6.6131951736703884,6.5843819671402954,7.055964383882197,6.19035499857501,6.605405809068006,6.576660290428673,7.03355815762714,7.624173185850465,7.585902587734156,7.067609760311255,6.7849255339278205,7.320624565644095,7.285333658915695,6.806001195525997,7.853616669955734,6.309330707210617,6.774899072782303,6.744662796376296,6.331820476233986,7.2233596611992645,6.961377122817686
11000,6.627699231530608,6.597017897757756,7.120698002082951,6.194032661594245,6.666005862362208,6.636996623368385,6.936606318917359,7.632822653874868,7.592158269105739,7.063298200586067,6.708046248143491,7.331255047824959,7.293732532552193,6.8042911316381405,7.739660603111147,6.242509843202201,6.788609497978996,6.756423906207466,6.334351435339916,7.126470973150053,6.885445023808764
11100,6.687951042726341,6.656990787737372,7.185431620283705,6.25034204942692,6.7266059156564095,6.697332956308098,6.999666376362062,7.702211950728277,7.661177889733973,7.1275100024095766,6.769028486762977,7.397902820987004,7.360039191939031,6.866148323743942,7.8100211540485205,6.299259932685858,6.850324129778805,6.817845941718443,6.391936448388461,7.191257072905962,6.9480399785706615
11200,6.665297779973862,6.63481973341178,7.250165238484459,6.234182520982872,6.7872059689506115,6.75766928924781,7.062726433806765,7.662111274785924,7.621862929252486,7.097862816865459,6.830010725382464,7.375567919921444,7.338266326856607,6.851289355978167,7.880381704985894,6.356010022169514,6.83083167799851,6.79882461199511,6.3787630414672645,7.256043172661872,7.010634933332559
11300,6.724809367295058,6.6940591953172435,7.198815035229905,6.2898448649202185,6.745970742927485,6.717048217676356,7.125786491251469,7.730522982596512,7.689915276835097,7.161236592016043,6.89099296400195,7.441421204920743,7.403786561917826,6.912461582370829,7.950742255923268,6.41276011165317,6.891821246552068,6.8595284031736385,6.4357162829089365,7.3208292724177815,7.073229888094457
11400,6.784320954616253,6.753298657222706,7.262521362975303,6.3455072088575655,6.805669599059587,6.776491122257562,7.188846548696172,7.798934690407101,7.7579676244177085,7.224610367166628,6.951975202621436,7.507274489920041,7.469306796979046,6.973633808763492,8.021102806860643,6.469510201136826,6.952810815105626,6.920232194352166,6.4926695243506085,7.3856153721736915,7.135824842856355
11500,6.843832541937448,6.812538119128168,7.306747867915964,6.401169552794912,6.8355935457675585,6.80437425377192,7.082404577947278,7.867346398217689,7.82601997200032,7.287984142317212,6.866772863054252,7.57312777491934,7.5348270320402655,7.034806035156154,7.896724308432098,6.395153183813352,7.013800383659184,6.980935985530694,6.5496227657922805,7.279377112674246,7.051777234102726
11600,6.767507519021576,6.73509798300782,7.370284805897842,6.324838874112637,6.895033489643798,6.86354272554385,7.143990704712037,7.756593083719335,7.714047599450432,7.180581555140394,6.926483931428637,7.486122582798594,7.446484887482324,6.948188485362992,7.965391476331508,6.4507632114986855,6.938530107357974,6.904465944745898,6.473973199636628,7.342676044088805,7.113097036138402
11700,6.825848101082107,6.793159172516508,7.312095292580508,6.379363347165333,6.84782659575363,6.817028880950142,7.205576831476796,7.8234602654755365,7.780548009790523,7.242483120270915,6.986194999803022,7.550658122305479,7.51067872271924,7.008086661960948,8.034058644230917,6.506373239184019,6.998345022076577,6.963987202890259,6.529783313426599,7.405974975503363,7.1744168381740785
11800,6.8841886831426375,6.851220362025196,7.374591833542734,6.433887820218027,6.906355028195969,6.875294085060826,7.2671629582415544,7.890327447231737,7.847048420130612,7.304384685401436,7.045906068177406,7.615193661812364,7.574872557956157,7.067984838558905,8.102725812130327,6.561983266869353,7.05815993679518,7.023508461034621,6.58559342721657,7.4692739069179215,7.235736640209754
11900,6.942529265203168,6.909281551533884,7.4370883745049605,6.488412293270723,6.964883460638307,6.933559289171511,7.2489752707782324,7.9571946289879385,7.9135488304707025,7.366286250531957,7.044551116718472,7.6797292013192475,7.639066393193073,7.127883015156862,8.089303049008793,6.56014683951007,7.117974851513783,7.083029719178982,6.64140354100654,7.457012003053448,7.2408609691963495
12000,7.000869847263699,6.967342741042572,7.499584915467187,6.542936766323418,7.023411893080646,6.991824493282197,7.3098910293562005,8.02406181074414,7.980049240810792,7.428187815662477,7.103749025262324,7.744264740826132,7.70326022842999,7.187781191754818,8.157280385555085,6.615274123875701,7.177789766232387,7.142550977323343,6.697213654796512,7.519675969465662,7.301708540366066
12100,6.9162733618985195,6.881640786069775,7.541415879236826,6.458866923035646,7.0504966239175575,7.016773334958927,7.272923437078078,7.902991802657886,7.8578048126981495,7.311344906583079,7.07047181152613,7.648281172862483,7.605952165936671,7.092816602613499,8.103552351793216,6.590135504605148,7.094442978516825,7.058007785053189,6.613985118135295,7.478797163040619,7.264890322027636
12200,6.973432645881152,6.9385138504174595,7.475339172172033,6.512245988515279,6.996412199172859,6.963474014924956,7.333030242343186,7.968305784498034,7.922745348340283,7.371769244654013,7.1289054628610575,7.711490108175396,7.668811274746065,7.151434921643362,8.170523858832828,6.644599434395273,7.153074738669856,7.116338427904868,6.668646152169471,7.540605404057484,7.324930737912162
12300,7.0305919298637845,6.9953869147651435,7.536612444075083,6.565625053994912,7.053759840149686,7.020551670784997,7.309890885847607,8.033619766338182,7.987685883982416,7.432193582724947,7.123816286488779,7.774699043488309,7.731670383555459,7.210053240673226,8.151986215032688,6.639421116220469,7.211706498822888,7.174669070756547,6.723307186203646,7.523841176551791,7.3268616463680525
12400,7.087751213846417,7.0522599791128275,7.597885715978133,6.619004119474545,7.1111074811265125,7.077629326645037,7.36932089304962,8.098933748178329,8.05262641962455,7.492617920795882,7.181733492069989,7.837907978801222,7.794529492364853,7.2686715597030895,8.21826252572401,6.693400149685677,7.27033825897592,7.232999713608226,6.777968220237823,7.585010617011561,7.386429627232833
12500,7.0479561891564675,7.0131407599804145,7.659158987881182,6.5877529765295035,7.16845512210334,7.134706982505078,7.428750900251633,8.036551714664286,7.991315731360495,7.443622021038437,7.239650697651198,7.797728218052116,7.755133731524359,7.238288701741491,8.284538836415333,6.747379183150883,7.2347763835230054,7.198095589880081,6.750690462955452,7.646180057471333,7.445997608097614
12600,7.104339838669719,7.069245886060258,7.720432259784231,6.640455000341739,7.225802763080166,7.191784638365118,7.386441376940431,8.1008441283816,8.05524625721138,7.503170997206745,7.2009086156138915,7.860110043796532,7.817174801376554,7.296195011355423,8.224482499780825,6.717321336835658,7.29265459459119,7.2556803545991215,6.804695986659096,7.599610108371237,7.4033563338074515
12700,7.107977430509684,7.070808267356752,7.645856395005516,6.632761117216471,7.164017461797098,7.130839347072038,7.44506392755107,8.096626439889697,8.04843353040726,7.48570189383628,7.25805868399178,7.857977030426648,7.8125752742676395,7.281253278773055,8.289756170414005,6.770633410937529,7.294964257518194,7.25581916706524,6.795295216504825,7.659924474310691,7.46211313010751
12800,7.16394575673417,7.126483923005231,7.684802882018918,6.6849875827063645,7.188115663678267,7.152749810768485,7.416270962640127,8.160379403983317,8.111807022772672,7.544644428433417,7.24869765060942,7.919850865311897,7.874091615009904,7.33858598175552,8.265357322830592,6.761649120565135,7.352404920963219,7.31295160145158,6.848801478052107,7.63801877230975,7.4603947068821
12900,7.219914082958655,7.182159578653709,7.744840404534691,6.737214048196258,7.244272817300754,7.208630668665114,7.474210579535753,8.224132368076937,8.175180515138084,7.603586963030552,7.305328101004806,7.981724700197146,7.93560795575217,7.3959186847379845,8.329930426915206,6.81447450431955,7.409845584408244,7.3700840358379205,6.902307739599389,7.69769079396842,7.518679040529617
13000,7.174096360123082,7.137103555853839,7.804877927050463,6.700726695371306,7.30042997092324,7.264511526561742,7.532150196431378,8.154012953494002,8.106257842221284,7.5479577677826875,7.361958551400192,7.935258098551144,7.890023845478476,7.360138267415902,8.39450353099982,6.8672998880739655,7.368668360058054,7.329647203910084,6.870165640538481,7.75736281562709,7.576963374177133
13100,7.229281716739413,7.19200435243733,7.864915449566237,6.752270746874162,7.356587124545727,7.320392384458372,7.590089813327005,8.21673613005934,8.168613671776832,7.606018981381016,7.418589001795578,7.996298545463076,7.950716336597542,7.4167547156267934,8.459076635084434,6.920125271828381,7.425350424366193,7.386029105478623,6.923013068542623,7.817034837285759,7.63524770782465
13200,7.284467073355745,7.2469051490208205,7.782328479694376,6.803814798377018,7.2878150035369,7.25256000071593,7.450726395566161,8.279459306624679,8.230969501332382,7.664080194979344,7.304564552945381,8.057338992375009,8.011408827716606,7.473371163837685,8.298542502865606,6.819978381921551,7.4820324886743315,7.442411007047162,6.975860496546765,7.678697547373043,7.523547717442234
13300,7.284172437300873,7.244432174679114,7.841285513631455,6.791903250534343,7.343025723260665,7.307503637084991,7.507171292502267,8.270585189366448,8.219390839137686,7.641718999138214,7.359902163194967,8.050556604806241,8.002041955556907,7.453497963542533,8.361410249099436,6.871644884814896,7.480196350162811,7.438294564148947,6.962018200957447,7.736869498489506,7.580544291059221
13400,7.233084349520184,7.194188937581712,7.877873927263668,6.750848308746833,7.364306748415232,7.326489111904992,7.563616189438375,8.193732774334732,8.143855254667756,7.580327440979607,7.415239773444553,7.998586838631497,7.951049950068031,7.4130078190621775,8.424277995333266,6.9233113877082415,7.434157216660731,7.393075377134351,6.9256795092023475,7.795041449605968,7.6375408646762075
13500,7.2870625909345135,7.247876914727844,7.936664031198472,6.80122777373748,7.419264261463107,7.38116440378488,7.620061086374482,8.254880033844692,8.204630293881696,7.636897048748112,7.47057738369414,8.058277785188448,8.010386143725254,7.468328772935776,8.487145741567097,6.974977890601586,7.489636001859692,7.448247581441324,6.977363684644156,7.853213400722431,7.694537438293194
13600,7.341040832348844,7.301564891873976,7.847108104375419,6.851607238728128,7.344429981091282,7.307366052307933,7.579304264723437,8.316027293354654,8.265405333095634,7.693466656516616,7.4523669889353705,8.1179687317454,8.06972233738248,7.523649726809374,8.450124910608341,6.958322270852226,7.545114787058653,7.503419785748297,7.0290478600859645,7.820522493832934,7.68544885348326
13700,7.395019073763173,7.355252869020108,7.904807428672297,6.9019867037187765,7.398433142716954,7.361096685045491,7.635034443140522,8.377174552864615,8.326180372309572,7.750036264285121,7.507163805030483,8.177659678302351,8.129058531039703,7.578970680682973,8.512258182009873,7.009486405196728,7.600593572257614,7.55859199005527,7.080732035527773,7.878026335699353,7.741959506817696
13800,7.448997315177503,7.4089408461662405,7.962506752969174,6.952366168709425,7.4524363043426245,7.4148273177830495,7.582562279824538,8.438321812374575,8.38695541152351,7.806605872053625,7.457327594681413,8.237350624859303,8.188394724696927,7.634291634556571,8.440114098219897,6.9693469283381475,7.656072357456574,7.613764194362242,7.1324162109695814,7.8203825225408385,7.687237867567258
13900,7.3340022292219755,7.292902887087266,8.020206077266053,6.83996606882194,7.506439465968295,7.468557950520608,7.637508383301527,8.27955988779759,8.227217487784252,7.655342807605017,7.511366200439974,8.108345718621031,8.058139163561794,7.508743438263883,8.501274345308447,7.019849442311612,7.5433449443047,7.499872779610059,7.021705603364017,7.8770519611099745,7.742942489796006
14000,7.386764835187602,7.345369814332497,8.054433332802105,6.88917445780627,7.524881172316053,7.484587459852675,7.591503048460021,8.339125066846492,8.286406102804282,7.710417216292823,7.489175099549777,8.166679141057154,8.11611138776008,7.562763175229811,8.458707903973966,6.999823606565817,7.597613612968762,7.55382869888783,7.072221471014118,7.839690601457593,7.73061057528266
14100,7.439527441153228,7.39783674157773,7.956769800844053,6.9383828467906,7.4430008085520125,7.403855054220855,7.645728070234735,8.398690245895397,8.345594717824312,7.765491624980629,7.542669207403704,8.225012563493276,8.174083611958366,7.616782912195737,8.51912724614521,7.049822346612716,7.651882281632825,7.607784618165599,7.122737338664219,7.8956883914680045,7.785829222248965
14200,7.492290047118853,7.450303668822961,8.0132007923394,6.987591235774931,7.495788048328977,7.456364664534479,7.6999530920094506,8.4582554249443,8.404783332844342,7.820566033668435,7.59616331525763,8.2833459859294,8.232055836156654,7.670802649161665,8.579546588316452,7.099821086659615,7.7061509502968875,7.66174053744337,7.17325320631432,7.951686181478416,7.841047869215269
14300,7.428335312649525,7.387347739276767,8.06963178383475,6.935171480068989,7.548575288105942,7.508874274848102,7.642412613941394,8.364621184603692,8.31268622119549,7.744492584427563,7.5408635150866425,8.217706444880628,8.167574346350275,7.618389813915448,8.501435305098749,7.054690467393885,7.648222486202477,7.6047795364115025,7.1264554890649325,7.888547298029556,7.7803980848935135
14400,7.480281713437284,7.439007513677304,8.126062775330096,6.983669182726814,7.601362527882906,7.5613838851617245,7.695856058794131,8.42311503904148,8.370816894070982,7.798649875227756,7.5935968263809555,8.275172923516157,8.224690250870207,7.671665267159612,8.560885901637901,7.104023967165871,7.701706559532565,7.657959812889905,7.176290842135317,7.943711964449343,7.834806463109552
14500,7.47310634317637,7.42948467617081,8.182493766825445,6.964479808251111,7.654149767659871,7.613893495475348,7.6438186156596615,8.406718253218635,8.351556719608375,7.76849509884982,7.566819125211257,8.260345179465073,8.207081721502599,7.6433377226387655,8.511937861555865,7.080131982773843,7.692531472887352,7.646318482777616,7.1546727417344815,7.900988727915061,7.81874877994014
14600,7.524645007612068,7.480722501523712,8.052256113973312,7.012510703480429,7.528226930864334,7.486992930381363,7.696534606112486,8.464695620482212,8.409153662502225,7.822070927117749,7.619004084695472,8.317313077254488,8.263682285099168,7.6960503965879985,8.570640881290734,7.128960479206767,7.745583414079679,7.699051713693324,7.204015312367133,7.955478305348958,7.872671185319038
14700,7.576183672047767,7.531960326876614,8.107408553110115,7.060541598709747,7.579790129020939,7.538273703877126,7.749250596565312,8.52267298774579,8.466750605396077,7.875646755385679,7.671189044179688,8.374280975043902,8.320282848695738,7.7487630705372315,8.629343901025601,7.1777889756396895,7.798635355272006,7.751784944609032,7.253357882999785,8.009967882782854,7.9265935906979355
14800,7.505888593548146,7.462771354730375,8.162560992246918,7.002643460719466,7.631353327177544,7.5895544773728885,7.801966587018137,8.420958934144528,8.366725666755897,7.792664807664061,7.723374003663904,8.301933537971301,8.249217748953813,7.690630371568616,8.688046920760469,7.226617472072613,7.73491050259778,7.689129933801376,7.201577582912673,8.064457460216753,7.980515996076833
14900,7.556604057018066,7.513195485505579,8.217713431383721,7.049958619237841,7.682916525334149,7.640835250868651,7.629274934865283,8.47785730532118,8.423257596936681,7.845317948256386,7.579501220514959,8.358027683498134,8.304955706717013,7.742594090295431,8.490648691098446,7.100359348603914,7.787173411399116,7.74108351443517,7.250236890905326,7.893920201458756,7.8406455385351155
15000,7.607319520487986,7.563619616280785,8.272865870520526,7.097273777756215,7.734479723490754,7.692116024364414,7.6804781223476,8.53475567649783,8.479789527117465,7.897971088848711,7.630370356223113,8.414121829024968,8.360693664480216,7.794557809022247,8.547632910501791,7.14801276705092,7.839436320200452,7.7930370950689625,7.298896198897979,7.946899531669889,7.893267320672935
15100,7.5962891913622155,7.550117124963415,8.157913634477037,7.073897796044543,7.637160243638478,7.5961251649609585,7.731681309829917,8.514011540709767,8.456051857269728,7.8631805477270404,7.681239491931267,8.394743179784212,8.338390602633401,7.761340501741221,8.604617129905137,7.195666185497926,7.826144066690756,7.7771445112491655,7.2728118764033205,7.999878861881021,7.945889102810755
15200,7.6465957422983895,7.600117900625424,8.18732222894318,7.120744801316361,7.650343182433322,7.606727208151455,7.782884497312235,8.570395723098573,8.512052200695354,7.915254591089471,7.7321086276394215,8.450337505478148,8.393611732452166,7.812740107713016,8.661601349308482,7.243319603944932,7.8779728353443375,7.828648779535584,7.320976193465594,8.052858192092154,7.998510884948574
15300,7.569878967318959,7.524622225354787,8.241186190975702,7.057313210847858,7.700674387580909,7.65677146609982,7.717307740231687,8.460530175514466,8.404037103848012,7.825315266741238,7.695182862575334,8.371173985295384,8.31586401865037,7.748812403923713,8.598021443574781,7.211167831451293,7.808416745992179,7.7602719253874515,7.26419984130981,7.998196021064878,7.9744337463531485
15400,7.619355300438691,7.573802762775407,8.295050153008223,7.103439440984118,7.751005592728497,7.706815724048185,7.65174793581565,8.515827758360965,8.458965450931986,7.876461118157847,7.630137682672882,8.42588754075483,8.370216071059849,7.799458236629096,8.510475936255189,7.156917359160173,7.859452149560756,7.810992656925932,7.311678271645168,7.925941976246043,7.902757548999158
15500,7.6688316335584235,7.622983300196027,8.172821127830392,7.14956567112038,7.64737204123581,7.604628653616402,7.701434610723544,8.571125341207464,8.51389379801596,7.927606969574456,7.679684031261667,8.480601096214277,8.42456812346933,7.85010406933448,8.565738767010092,7.203390848505369,7.910487553129332,7.861713388464412,7.359156701980527,7.977409131935953,7.954074156460192
15600,7.718307966678155,7.672163837616646,8.22554900607446,7.19569190125664,7.696709925372815,7.653690773962315,7.751121285631438,8.626422924053964,8.568822145099933,7.978752820991065,7.729230379850452,8.535314651673724,8.478920175878809,7.900749902039864,8.621001597764996,7.249864337850565,7.961522956697909,7.912434120002892,7.406635132315885,8.028876287625863,8.005390763921225
15700,7.571951951156151,7.524846121396476,8.278276884318526,7.054140175449454,7.746047809509821,7.702752894308227,7.8008079605393315,8.429598908005861,8.371258848565516,7.7927754391315505,7.7787767284392375,8.371949311093678,8.314401768592637,7.743481762084234,8.6762644285199,7.296337827195761,7.8188545919596715,7.76863685438322,7.267951576628208,8.08034344331577,8.05670737138226
15800,7.620180944475616,7.572775077583715,8.331004762562593,7.099071004592444,7.795385693646826,7.751815014654139,7.728698418542236,8.483290620795708,8.424578968620073,7.842410951482707,7.736810282639221,8.425273828998732,8.367359741640996,7.792803301970121,8.60565000954401,7.260181955983971,7.868656213564511,7.8181186177869355,7.314244261829662,8.02001220306414,8.028747449943625
15900,7.668409937795083,7.620704033770954,8.357955351828101,7.144001833735435,7.805526180710911,7.759221564001206,7.77761423131782,8.536982333585554,8.477899088674631,7.892046463833863,7.785777436326811,8.478598346903787,8.420317714689357,7.842124841856008,8.66011614884492,7.30613247469273,7.918457835169349,7.86760038119065,7.3605369470311155,8.070771773969609,8.07956230722175
16000,7.716638931114549,7.668632989958192,8.227217845215922,7.1889326628784245,7.694514145582395,7.649793095905376,7.706635793572575,8.5906740463754,8.531219208729189,7.94168197618502,7.71460046264908,8.531922864808843,8.473275687737718,7.891446381741895,8.566194295101145,7.246185876515535,7.968259456774188,7.917082144594365,7.4068296322325695,7.992503037532575,8.001069871201219
16100,7.764867924434014,7.716561946145431,8.278637956748522,7.233863492021415,7.7426048589922845,7.697604302754785,7.754802267282403,8.644365759165247,8.584539328783746,7.991317488536176,7.7628167155406365,8.585247382713899,8.52623366078608,7.940767921627781,8.619733009445527,7.291474538243757,8.018061078379027,7.966563907998079,7.453122317434023,8.042456181517155,8.051076557896225
16200,7.673927427146038,7.627032366646658,8.33005806828112,7.157861036577123,7.790695572402175,7.745415509604193,7.676807815531203,8.516156823088139,8.458441936572747,7.885251992385012,7.716253816033071,8.49071428647607,8.433342576688993,7.86343472302516,8.54271029753477,7.251826374583253,7.935656970930998,7.8855189726680175,7.3850508886675925,7.9771153499561995,8.019716437629684
16300,7.656657012735261,7.6070929362557225,8.38147817981372,7.12779753122849,7.8387862858120645,7.793226716453602,7.72419551809621,8.48919098555161,8.42830523513302,7.843915786105281,7.763885012428337,8.464063723469636,8.40353658768062,7.822458434020776,8.59544307714918,7.296590734920186,7.915537420015315,7.8625766365257554,7.351627605428529,8.026356802733707,8.069220860084188
16400,7.703630368641612,7.6537622180732425,8.43289829134632,7.171526350438481,7.886876999221955,7.84103792330301,7.771583220661218,8.541271911843337,8.480012629213592,7.892037968842123,7.811516208823603,8.515990494779265,8.455092026868845,7.87044897656078,8.648175856763594,7.34135509525712,7.964098999279212,7.910813303007509,7.396729615277784,8.075598255511213,8.118725282538692
16500,7.750603724547963,7.700431499890762,8.266935613730183,7.215255169648471,7.727885760235144,7.681190358602846,7.8189709232262254,8.593352838135065,8.531720023294163,7.940160151578966,7.859147405218868,8.567917266088896,8.50664746605707,7.918439519100785,8.700908636378006,7.386119455594054,8.012660578543109,7.959049969489262,7.441831625127039,8.124839708288722,8.168229704993196
16600,7.6536278509919695,7.604992199911851,8.317038253813395,7.134074394213798,7.774721431509296,7.727743027442863,7.612011307883626,8.457633797189029,8.398282803886806,7.827682006352248,7.68363069075835,8.466880217884448,8.40739983744655,7.835601672624409,8.465316245693858,7.233157199401818,7.92495470162944,7.872821331103321,7.369248487834845,7.9217655860172975,7.999362063759726
16700,7.6997340428654155,7.650805405935416,8.36714089389661,7.17705074598617,7.821557102783449,7.774295696282881,7.657866797690154,8.508583398376915,8.44887486897046,7.874836717233888,7.729917622630388,8.517885520401823,8.45804682441912,7.882804092339015,8.516312126692013,7.276730435542793,7.972695392603112,7.92024796562804,7.413641551014573,7.969487065451137,8.047550991854663
16800,7.745840234738861,7.696618611958981,8.417243533979823,7.220027097758542,7.868392774057601,7.820848365122898,7.7037222874966815,8.5595329995648,8.499466934054116,7.921991428115527,7.776204554502426,8.5688908229192,8.508693811391689,7.93000651205362,8.567308007690169,7.320303671683767,8.020436083576783,7.967674600152758,7.458034614194301,8.017208544884976,8.095739919949603
16900,7.724865024794047,7.672826651142785,8.467346174063035,7.1858823740797835,7.915228445331754,7.867401033962915,7.74957777730321,8.528641282970009,8.46525470490931,7.876395685988757,7.822491486374465,8.53787661390503,8.474353195081484,7.884271797439399,8.618303888688324,7.363876907824742,7.9962768394448736,7.940530702211906,7.420167011485096,8.064930024318814,8.14392884804454
17000,7.770574285295788,7.718227992273807,8.318108471309765,7.228402388127593,7.7876061764142746,7.741574878965959,7.795433267109737,8.579106616005333,8.515344969435398,7.923001577621827,7.868778418246503,8.588396593868966,8.524497296827528,7.930924293282236,8.66929976968648,7.4074501439657165,8.043592087015552,7.987516090982392,7.464073325162523,8.112651503752653,8.192117776139478
17100,7.666550829824278,7.615888098843286,8.34059368855228,7.141181780312709,7.792924726485703,7.743973347750144,7.578552702296728,8.434623732485301,8.373341785422964,7.8030494342153665,7.683673666484057,8.47974520074226,8.417808245182234,7.841651147712008,8.422627933241602,7.246468909567726,7.949695983025208,7.8952352330675435,7.386229974148413,7.9001448831976235,8.014443927649282
17200,7.711384460408046,7.660425456146463,8.38936909023972,7.1829430772736025,7.838497385704917,7.789259741596636,7.622871723947585,8.483949017470595,8.422308696448829,7.8486813022517135,7.728607430615543,8.529334353962975,8.46703519398447,7.887508756762956,8.471883067354126,7.288845920734789,7.996185433218338,7.941406199342793,7.429424301482614,7.946344560877142,8.061312020793428
17300,7.756218090991813,7.70496281344964,8.438144491927162,7.224704374234495,7.884070044924132,7.834546135443127,7.667190745598444,8.533274302455888,8.471275607474693,7.8943131702880605,7.773541194747029,8.57892350718369,8.516262142786704,7.933366365813903,8.52113820146665,7.331222931901851,8.042674883411468,7.987577165618042,7.472618628816815,7.99254423855666,8.108180113937577
17400,7.801051721575581,7.7495001707528175,8.486919893614601,7.266465671195388,7.929642704143347,7.87983252928962,7.711509767249302,8.582599587441184,8.52024251850056,7.9399450383244075,7.8184749588785145,8.628512660404406,8.56548909158894,7.97922397486485,8.570393335579174,7.373599943068914,8.089164333604598,8.03374813189329,7.5158129561510165,8.038743916236179,8.155048207081725
17500,7.621583873595325,7.5691990151361965,8.328685414967286,7.094297985051332,7.794210492359342,7.74635539462351,7.610164592001909,8.346782159060684,8.28399518773741,7.718515051037855,7.753602916766938,8.428497566664428,8.364479916942797,7.788340444082581,8.46751095773197,7.320527723636928,7.915546471712638,7.859057717302282,7.348315196311558,7.953656686713287,8.110469090944699
17600,7.665135781444441,7.612451580936975,8.376277903052813,7.1348368306801975,7.838748838029967,7.790620282592787,7.653651246813348,8.394478057112458,8.33133230309591,7.762620851329499,7.797909219148463,8.47666040990251,8.412276945039613,7.832845246620196,8.515896734633294,7.362359310629139,7.96077816583671,7.90396661854401,7.390305568861909,7.999106153494506,8.15681462860724
17700,7.708687689293557,7.655704146737753,8.396570373368077,7.175375676309062,7.841368396159072,7.790161414032351,7.571721011935275,8.442173955164234,8.37866941845441,7.806726651621145,7.712066268047716,8.524823253140593,8.460073973136428,7.877350049157811,8.409299897738078,7.288066864496485,8.006009859960782,7.948875519785737,7.432295941412261,7.9076622779862005,8.060863439510703
17800,7.752239597142673,7.698956712538531,8.444008624065072,7.215914521937926,7.885669912521553,7.834173625411065,7.614499096748468,8.489869853216009,8.42600653381291,7.8508324519127894,7.7556372639123925,8.572986096378674,8.507871001233244,7.921854851695426,8.456810066651853,7.32924238350494,8.051241554084854,7.993784421027465,7.474286313962613,7.952338336053919,8.106405040863871
17900,7.795791504991789,7.74220927833931,8.27779445912333,7.256453367566792,7.743328819882842,7.693944638231209,7.506282371109095,8.537565751267785,8.473343649171408,7.894938252204434,7.685098397971408,8.621148939616758,8.55566802933006,7.966359654233041,8.346231510280454,7.272407443668551,8.096473248208927,8.038693322269191,7.516276686512964,7.861718723144643,8.058091743567397
18000,7.606908616311687,7.552514154217808,8.324039120906143,7.075550556847244,7.786587640105651,7.736927569171049,7.54821690949518,8.291044007772681,8.226467058721711,7.663752342808083,7.7280319085746,8.410634243400214,8.344188404623116,7.765819616535941,8.392858501957999,7.313035418214185,7.914106223914369,7.8552467136419715,7.340582687922421,7.905638939475059,8.103109015877829
18100,7.649169219735641,7.594472566185685,8.370283782688954,7.114859171051951,7.82984646032846,7.779910500110888,7.590151447881264,8.337105363371418,8.272169653492387,7.706328744712573,7.770965419177792,8.457359989196881,8.390545006871022,7.808963058850029,8.439485493635543,7.353663392759819,7.958073480713893,7.898886973162205,7.381363702855323,7.949559155805477,8.148126288188262
18200,7.691429823159594,7.6364309781535615,8.416528444471766,7.154167785256658,7.873105280551269,7.822893431050726,7.5042960713534415,8.383166718970156,8.317872248263063,7.748905146617061,7.680001433386498,8.504085734993549,8.436901609118928,7.852106501164118,8.328418656277147,7.2742779459132905,8.002040737513418,7.942527232682438,7.422144717788226,7.853411801756233,8.046055655229624
18300,7.733690426583548,7.678389390121438,8.434645084716438,7.193476399461365,7.873029185222886,7.819570003169949,7.545528467349889,8.429228074568893,8.36357484303374,7.791481548521551,7.72219924346005,8.550811480790216,8.483258211366834,7.895249943478206,8.374179198344605,7.314246506055671,8.046007994312943,7.9861674922026715,7.462925732721128,7.896562416051597,8.09026475223638
18400,7.606426985630086,7.553213454278845,8.259069205582316,7.085893315064194,7.722584019977479,7.671419463345214,7.429322633113388,8.255879207678545,8.193228208261887,7.646224551499437,7.645014888494849,8.41653051233704,8.351427149683204,7.78382760821245,8.254659588656661,7.25304780367419,7.932071215164503,7.874221152413496,7.367667167079852,7.799546581353997,8.037615997619683
18500,7.647766262725902,7.594263527399926,8.303955451264828,7.124403604819977,7.7645545853034434,7.713111960428612,7.469699386554222,8.30074811641593,8.237756622437223,7.687780119714108,7.68656388245406,8.462272525991045,8.39681534071409,7.826131019126648,8.299521869029794,7.292466541737636,7.975180297855615,7.917015832589656,7.407708836466156,7.841935421470052,8.08129869325892
18600,7.618410698109848,7.561714976796755,8.348841696947341,7.081046766864486,7.806525150629407,7.75480445751201,7.510076139995055,8.262399999191912,8.195756032514453,7.6340950940058185,7.728112876413271,8.421544138086182,8.35231890961671,7.7697569334543,8.344384149402929,7.331885279801083,7.9414420790413525,7.879855901637383,7.3592831609299765,7.884324261586106,8.124981388898158
18700,7.659369895411514,7.602369358392436,8.393727942629853,7.11911691077236,7.848495715955372,7.7964969545954075,7.550452893435889,8.306821504563912,8.239819236990337,7.675138616016603,7.769661870372482,8.46682125710815,8.397223849990993,7.811529820193302,8.389246429776064,7.37130401786453,7.984138004197489,7.922220718312852,7.3988491994296,7.926713101702161,8.168664084537397
18800,7.700329092713179,7.643023739988117,8.438614188312366,7.157187054680234,7.890466281281337,7.838189451678805,7.296799243422945,8.35124300993591,8.283882441466222,7.716182138027387,7.548488978039117,8.512098376130119,8.442128790365276,7.853302706932303,8.101089584503969,7.182277038490101,8.026833929353625,7.964585534988323,7.438415237929224,7.680789370010718,7.9601733241539545
18900,7.56493136793636,7.509906845419362,8.252049813777337,7.042656298952187,7.72971910609764,7.6798075727246635,7.335612005356046,8.168141340070196,8.104029096344872,7.56258917465936,7.588640515156347,8.368824552804348,8.301536234951497,7.734306948708695,8.144180486549203,7.220480639758666,7.906107283854876,7.846027375331624,7.3374316981887,7.721644632617158,8.002514671622858
19000,7.604957459830203,7.549641802273433,8.268195471305713,7.0799190306926745,7.727907844385346,7.674709547776758,7.374424767289147,8.211359019118186,8.146907557172094,7.602602873996182,7.628792052273576,8.41310404779273,8.345459707094099,7.775229207696571,8.187271388594437,7.25868424102723,7.947938539325008,7.887540747687876,7.376254088126206,7.7624998952235975,8.044856019091762
19100,7.644983551724046,7.589376759127503,8.311712289575743,7.117181762433162,7.768581043566321,7.715102755922952,7.413237529222248,8.254576698166176,8.189786017999316,7.6426165733330045,7.668943589390805,8.457383542781113,8.389383179236699,7.816151466684448,8.23036229063967,7.296887842295794,7.98976979479514,7.929054120044127,7.415076478063713,7.803355157830038,8.087197366560666
19200,7.612234748732801,7.55325170777362,8.355229107845773,7.0699947133210115,7.809254242747297,7.755495964069145,7.276356291160341,8.213014988413256,8.144396279647422,7.585335778884103,7.5743626999571445,8.412688914988705,8.340707767748848,7.7553399444090525,8.087134163663334,7.22473969284312,7.9521478180301415,7.887801831365523,7.36227699443472,7.689812625695923,8.023424161566902
19300,7.469315024839496,7.412809803212801,8.398745926115803,6.949065803873102,7.849927441928272,7.795889172215338,7.314253980176801,8.021106343915127,7.955980564087732,7.4242229234023736,7.613812505686088,8.261008900183368,8.191945951443879,7.629293250143258,8.12925465409908,7.262368545410011,7.825348567055898,7.763350544595528,7.256210296184558,7.729863733121423,8.065212829075064
19400,7.508016138957835,7.45121814416209,8.202238497655589,6.985071326172963,7.680530117565269,7.629056140822699,7.224926510398898,8.062666480412098,7.997203261310985,7.462690399689433,7.515500259457314,8.303812055106597,8.23439126725447,7.668823266983378,8.014520351044052,7.174555443667803,7.865894414553598,7.80357515881623,7.293807240724374,7.62796013807714,7.9525850041864405
19500,7.546717253076174,7.48962648511138,8.244518077540413,7.021076848472823,7.720120478996018,7.668381172476424,7.262168399627758,8.104226616909067,8.038425958534237,7.501157875976491,7.554239951516371,8.346615210029828,8.276836583065059,7.708353283823499,8.055832311616443,7.211537688222791,7.906440262051296,7.843799773036932,7.331404185264191,7.667279520232176,7.993577710393587
19600,7.585418367194514,7.528034826060669,8.258627176132771,7.057082370772685,7.7157862817757845,7.660583051943471,7.116612450589987,8.145786753406036,8.07964865575749,7.539625352263551,7.451795618625382,8.389418364953057,8.31928189887565,7.747883300663619,7.902586884726305,7.135103470033087,7.9469861095489955,7.884024387257634,7.369001129804007,7.547332967187124,7.9253943711600705
19700,7.624119481312853,7.566443167009958,8.300763029072225,7.093087893072545,7.755152538315457,7.699667659351346,-,8.187346889903006,8.120871352980743,7.578092828550609,-,8.432221519876288,8.36172721468624,7.78741331750374,-,-,7.987531957046694,7.924249001478336,7.406598074343823,-,-
19800,7.397948640204247,7.339718493043462,8.095264300944441,6.878093158066912,7.577945906347637,7.525224821957143,-,7.899371841973138,7.833016063721057,7.3094675417383845,-,8.179719349653908,8.10859128601637,7.548872744977407,-,-,7.771988535311945,7.707746873405877,7.2002676539744925,-,-
19900,7.435312017174976,7.376787778361862,8.136149474181535,6.912831002299574,7.616218360420099,7.563231007926623,-,7.93926765935684,7.872576750911566,7.346384044474437,-,8.221031063541048,8.149543767258876,7.586998364901536,-,-,7.811241002662006,7.746674887918028,7.236632642125879,-,-
20000,7.472675394145704,7.413857063680264,8.177034647418628,6.947568846532235,7.654490814492562,7.601237193896104,-,7.979163476740543,7.912137438102077,7.383300547210489,-,8.26234277742819,8.190496248501383,7.625123984825664,-,-,7.850493470012066,7.7856029024301785,7.272997630277265,-,-
20100,7.510038771116433,7.4509263489986655,8.217919820655721,6.982306690764896,7.692763268565025,7.639243379865584,-,8.019059294124245,7.951698125292587,7.420217049946541,-,8.30365449131533,8.23144872974389,7.663249604749792,-,-,7.889745937362126,7.824530916942329,7.3093626184286515,-,-
20200,7.346350318262413,7.290054851605574,8.2300265757182,6.842929918827083,7.685933941833063,7.628762175233432,-,7.802423031624009,7.738950973359685,7.236961773408315,-,8.128371110776913,8.059508564381579,7.516530850082066,-,-,7.746018873340236,7.683457505191197,7.188411432528554,-,-
20300,7.3827183891449,7.326144232059067,8.013958112404296,6.876805809514345,7.499544727316811,7.4453686785283155,-,7.841048888216208,7.777262611841664,7.27278831684103,-,8.168610571721352,8.099407121630993,7.553741398844848,-,-,7.784365501426079,7.721494423533728,7.223997627739091,-,-
20400,7.346390114465214,7.286199014595217,8.053435738573775,6.825579474064099,7.536488297402117,7.4820453715259925,-,7.797721870107423,7.72994192160305,7.213497137743276,-,8.119945562196142,8.046474550073277,7.488394906099767,-,-,7.741933782557322,7.675116060309724,7.165729850751059,-,-
20500,7.382401830712593,7.321915676431468,8.092913364743254,6.8590381969761784,7.573431867487421,7.5187220645236685,-,7.835945996921676,7.767833793767771,7.248857417830253,-,8.15974921691279,8.085918052769715,7.525102724266923,-,-,7.779884438354171,7.712739178252419,7.200855977470426,-,-
20600,7.418413546959971,7.357632338267719,8.132390990912734,6.8924969198882575,7.610375437572725,7.5553987575213455,-,7.874170123735928,7.805725665932492,7.28421769791723,-,8.199552871629436,8.125361555466153,7.5618105424340785,-,-,7.817835094151021,7.750362296195114,7.2359821041897945,-,-
20700,7.244592276382659,7.186892756711798,8.171868617082213,6.744457421957758,7.647319007658029,7.5920754505190216,-,7.6460912407937505,7.581847384883849,7.091108162148502,-,8.01274352448137,7.942218997028594,7.405372193384089,-,-,7.6663027354407225,7.601720223673575,7.1084887467369935,-,-
20800,-,-,7.915645350038224,-,7.405400188821322,7.349837240513333,-,-,-,-,-,-,-,-,-,-,-,-,-,-,-
20900,-,-,7.953701337298023,-,7.441003074344502,7.38517299647734,-,-,-,-,-,-,-,-,-,-,-,-,-,-,-
21000,-,-,7.991757324557822,-,7.4766059598676815,7.420508752441346,-,-,-,-,-,-,-,-,-,-,-,-,-,-,-
21100,-,-,8.029813311817621,-,7.512208845390861,7.455844508405352,-,-,-,-,-,-,-,-,-,-,-,-,-,-,-
21200,-,-,8.06786929907742,-,7.547811730914041,7.491180264369358,-,-,-,-,-,-,-,-,-,-,-,-,-,-,-
21300,-,-,7.827560694446113,-,7.339239821188388,7.285933459823931,-,-,-,-,-,-,-,-,-,-,-,-,-,-,-
21400,-,-,7.836491205199074,-,7.3293757657185665,7.272239896093893,-,-,-,-,-,-,-,-,-,-,-,-,-,-,-
21500,-,-,7.873110322980379,-,7.363625185184541,7.306222325514893,-,-,-,-,-,-,-,-,-,-,-,-,-,-,-
21600,-,-,7.909729440761683,-,7.397874604650516,7.340204754935892,-,-,-,-,-,-,-,-,-,-,-,-,-,-,-
21700,-,-,7.6586713679053835,-,7.179883573417948,7.125798350159576,-,-,-,-,-,-,-,-,-,-,-,-,-,-,-
21800,-,-,7.693964784347344,-,7.212970594493608,7.158636130575058,-,-,-,-,-,-,-,-,-,-,-,-,-,-,-
21900,-,-,-,-,-,-,-,-,-,-,-,-,-,-,-,-,-,-,-,-,-
22000,-,-,-,-,-,-,-,-,-,-,-,-,-,-,-,-,-,-,-,-,-
