kW,CH01+CH02+CH03+CH04,CH01+CH02+CH03+CH05,CH01+CH02+CH03+CH06,CH01+CH02+CH03+CH07,CH01+CH02+CH04+CH05,CH01+CH02+CH04+CH06,CH01+CH02+CH04+CH07,CH01+CH02+CH05+CH06,CH01+CH02+CH05+CH07,CH01+CH02+CH06+CH07,CH01+CH03+CH04+CH05,CH01+CH03+CH04+CH06,CH01+CH03+CH04+CH07,CH01+CH03+CH05+CH06,CH01+CH03+CH05+CH07,CH01+CH03+CH06+CH07,CH01+CH04+CH05+CH06,CH01+CH04+CH05+CH07,CH01+CH04+CH06+CH07,CH01+CH05+CH06+CH07,CH02+CH03+CH04+CH05,CH02+CH03+CH04+CH06,CH02+CH03+CH04+CH07,CH02+CH03+CH05+CH06,CH02+CH03+CH05+CH07,CH02+CH03+CH06+CH07,CH02+CH04+CH05+CH06,CH02+CH04+CH05+CH07,CH02+CH04+CH06+CH07,CH02+CH05+CH06+CH07,CH03+CH04+CH05+CH06,CH03+CH04+CH05+CH07,CH03+CH04+CH06+CH07,CH03+CH05+CH06+CH07,CH04+CH05+CH06+CH07
0,-,-,-,-,-,-,-,-,-,-,-,-,-,-,-,-,-,-,-,-,-,-,-,-,-,-,-,-,-,-,-,-,-,-,-
100,-,-,-,-,-,-,-,-,-,-,-,-,-,-,-,-,-,-,-,-,-,-,-,-,-,-,-,-,-,-,-,-,-,-,-
200,-,-,-,-,-,-,-,-,-,-,-,-,-,-,-,-,-,-,-,-,-,-,-,-,-,-,-,-,-,-,-,-,-,-,-
300,-,-,-,-,-,-,-,-,-,-,-,-,-,-,-,-,-,-,-,-,-,-,-,-,-,-,-,-,-,-,-,-,-,-,-
400,-,-,-,-,-,-,-,-,-,-,-,-,-,-,-,-,-,-,-,-,-,-,-,-,-,-,-,-,-,-,-,-,-,-,-
500,-,-,-,-,-,-,-,-,-,-,-,-,-,-,-,-,-,-,-,-,-,-,-,-,-,-,-,-,-,-,-,-,-,-,-
600,-,-,-,-,-,-,-,-,-,-,-,-,-,-,-,-,-,-,-,-,-,-,-,-,-,-,-,-,-,-,-,-,-,-,-
700,-,-,-,-,-,-,-,-,-,-,-,-,-,-,-,-,-,-,-,-,-,-,-,-,-,-,-,-,-,-,-,-,-,-,-
800,-,-,-,-,-,-,-,-,-,-,-,-,-,-,-,-,-,-,-,-,-,-,-,-,-,-,-,-,-,-,-,-,-,-,-
900,-,-,-,-,-,-,-,-,-,-,-,-,-,-,-,-,-,-,-,-,-,-,-,-,-,-,-,-,-,-,-,-,-,-,-
1000,-,-,-,-,-,-,-,-,-,-,-,-,-,-,-,-,-,-,-,-,-,-,-,-,-,-,-,-,-,-,-,-,-,-,-
1100,-,-,-,-,-,-,-,-,-,-,-,-,-,-,-,-,-,-,-,-,-,-,-,-,-,-,-,-,-,-,-,-,-,-,-
1200,-,-,-,-,-,-,-,-,-,-,-,-,-,-,-,-,-,-,-,-,-,-,-,-,-,-,-,-,-,-,-,-,-,-,-
1300,-,-,-,-,-,-,-,-,-,-,-,-,-,-,-,-,-,-,-,-,-,-,-,-,-,-,-,-,-,-,-,-,-,-,-
1400,-,-,-,-,-,-,-,-,-,-,-,-,-,-,-,-,-,-,-,-,-,-,-,-,-,-,-,-,-,-,-,-,-,-,-
1500,-,-,-,-,-,-,-,-,-,-,-,-,-,-,-,-,-,-,-,-,-,-,-,-,-,-,-,-,-,-,-,-,-,-,-
1600,-,-,-,-,-,-,-,-,-,-,-,-,-,-,-,-,-,-,-,-,-,-,-,-,-,-,-,-,-,-,-,-,-,-,-
1700,-,-,-,-,-,-,-,-,-,-,-,-,-,-,-,-,-,-,-,-,-,-,-,-,-,-,-,-,-,-,-,-,-,-,-
1800,-,-,-,-,-,-,-,-,-,-,-,-,-,-,-,-,-,-,-,-,-,-,-,-,-,-,-,-,-,-,-,-,-,-,-
1900,-,-,-,-,-,-,-,-,-,-,-,-,-,-,-,-,-,-,-,-,-,-,-,-,-,-,-,-,-,-,-,-,-,-,-
2000,-,-,-,-,-,-,-,-,-,-,-,-,-,-,-,-,-,-,-,-,-,-,-,-,-,-,-,-,-,-,-,-,-,-,-
2100,-,-,-,-,-,-,-,-,-,-,-,-,-,-,-,-,-,-,-,-,-,-,-,-,-,-,-,-,-,-,-,-,-,-,-
2200,-,-,-,-,-,-,-,-,-,-,-,-,-,-,-,-,-,-,-,-,-,-,-,-,-,-,-,-,-,-,-,-,-,-,-
2300,-,-,-,-,-,-,-,-,-,-,-,-,-,-,-,-,-,-,-,-,-,-,-,-,-,-,-,-,-,-,-,-,-,-,-
2400,-,-,-,-,-,-,-,-,-,-,-,-,-,-,-,-,-,-,-,-,-,-,-,-,-,-,-,-,-,-,-,-,-,-,-
2500,-,-,-,-,-,-,-,-,-,-,-,-,-,-,-,-,-,-,-,-,-,-,-,-,-,-,-,-,-,-,-,-,-,-,-
2600,-,-,-,-,-,-,-,-,-,-,-,-,-,-,-,-,-,-,-,-,-,-,-,-,-,-,-,-,-,-,-,-,-,-,-
2700,-,-,-,-,-,-,-,-,-,-,-,-,-,-,-,-,-,-,-,-,-,-,-,-,-,-,-,-,-,-,-,-,-,-,-
2800,-,-,-,-,-,-,-,-,-,-,-,-,-,-,-,-,-,-,-,-,-,-,-,-,-,-,-,-,-,-,-,-,-,-,-
2900,-,-,-,-,-,-,-,-,-,-,-,-,-,-,-,-,-,-,-,-,-,-,-,-,-,-,-,-,-,-,-,-,-,-,-
3000,-,-,-,-,-,-,-,-,-,-,-,-,-,-,-,-,-,-,-,-,-,-,-,-,-,-,-,-,-,-,-,-,-,-,-
3100,-,-,-,-,-,-,-,-,-,-,-,-,-,-,-,-,-,-,-,-,-,-,-,-,-,-,-,-,-,-,-,-,-,-,-
3200,-,-,-,-,-,-,-,-,-,-,-,-,-,-,-,-,-,-,-,-,-,-,-,-,-,-,-,-,-,-,-,-,-,-,-
3300,-,-,-,-,-,-,-,-,-,-,-,-,-,-,-,-,-,-,-,-,-,-,-,-,-,-,-,-,-,-,-,-,-,-,-
3400,-,-,-,-,-,-,-,-,-,-,-,-,-,-,-,-,-,-,-,-,-,-,-,-,-,-,-,-,-,-,-,-,-,-,-
3500,-,-,-,-,-,-,-,-,-,-,-,-,-,-,-,-,-,-,-,-,-,-,-,-,-,-,-,-,-,-,-,-,-,-,-
3600,-,-,-,-,-,-,-,-,-,-,-,-,-,-,-,-,-,-,-,-,-,-,-,-,-,-,-,-,-,-,-,-,-,-,-
3700,-,-,-,-,-,-,-,-,-,-,-,-,-,-,-,-,-,-,-,-,-,-,-,-,-,-,-,-,-,-,-,-,-,-,-
3800,-,-,-,-,-,-,-,-,-,-,-,-,-,-,-,-,-,-,-,-,-,-,-,-,-,-,-,-,-,-,-,-,-,-,-
3900,-,-,-,-,-,-,-,-,-,-,-,-,-,-,-,-,-,-,-,-,-,-,-,-,-,-,-,-,-,-,-,-,-,-,-
4000,-,-,-,-,-,-,-,-,-,-,-,-,-,-,-,-,-,-,-,-,-,-,-,-,-,-,-,-,-,-,-,-,-,-,-
4100,-,-,-,-,-,-,-,-,-,-,-,-,-,-,-,-,-,-,-,-,-,-,-,-,-,-,-,-,-,-,-,-,-,-,-
4200,-,-,-,-,-,-,-,-,-,-,-,-,-,-,-,-,-,-,-,-,-,-,-,-,-,-,-,-,-,-,-,-,-,-,-
4300,-,-,-,-,-,-,-,-,-,-,-,-,-,-,-,-,-,-,-,-,-,-,-,-,-,-,-,-,-,-,-,-,-,-,-
4400,-,-,-,-,-,-,-,-,-,-,-,-,-,-,-,-,-,-,-,-,-,-,-,-,-,-,-,-,-,-,-,-,-,-,-
4500,-,-,-,-,-,-,-,-,-,-,-,-,-,-,-,-,-,-,-,-,-,-,-,-,-,-,-,-,-,-,-,-,-,-,-
4600,-,-,-,-,-,-,-,-,-,-,-,-,-,-,-,-,4.622163317,-,-,-,-,-,-,-,-,-,4.27933748,-,-,-,3.9803741,-,-,-,4.665490295
4700,-,-,-,-,-,-,-,-,-,-,-,-,-,-,-,-,4.722645128,-,-,-,-,-,-,-,-,-,4.372366556,-,-,-,4.066903972,-,-,-,4.766913997
4800,-,-,-,-,-,-,-,-,-,-,-,-,-,-,-,-,4.798233259,-,-,-,-,-,-,-,-,-,4.444520755,-,-,-,4.140887425,-,-,-,4.841610421
4900,-,-,-,-,4.672548289,4.649947465,-,4.357202481,-,-,4.338526091,4.31903432,-,4.065336449,-,-,4.898196452,5.105717639,5.078744248,4.731534411,4.052455052,4.03544397,-,3.813110723,-,-,4.537114938,4.714094329,4.691090797,4.393308283,4.227155913,4.374321762,4.354507759,4.096749745,4.942477305
5000,-,-,-,-,4.767906417,4.744844352,-,4.446124981,-,-,4.42706744,4.407177878,-,4.148302499,-,-,4.914397927,5.209915958,5.18239209,4.828096338,4.135158217,4.117799969,-,3.890929309,-,-,4.557752692,4.810300336,4.786827344,4.482967636,4.250897351,4.463593635,4.443375265,4.180356883,4.958074092
5100,-,-,-,-,4.863264545,4.839741239,-,4.535047481,-,-,4.515608788,4.495321435,-,4.231268549,-,-,5.012685885,5.314114278,5.286039931,4.924658265,4.217861381,4.200155969,-,3.968747895,-,-,4.648907746,4.906506343,4.882563891,4.572626989,4.335915298,4.552865507,4.53224277,4.26396402,5.057235574
5200,4.377155314,4.130965578,4.114306026,-,4.910801778,4.887276516,5.106656775,4.582358961,4.774680251,4.752438145,4.569096485,4.548724417,4.731504183,4.283441735,4.445144717,4.425860643,5.083718961,5.35908755,5.331083459,4.970317135,4.270367353,4.25256688,4.411475222,4.019819847,4.161519986,4.144613584,4.717423042,4.95272206,4.928794422,4.618838532,4.406828603,4.605364363,4.584668332,4.315300707,5.127930521
5300,4.461331378,4.210407224,4.193427296,-,4.949906385,4.928428811,5.204861713,4.62621783,4.866501025,4.843831186,4.609025576,4.590398732,4.822494648,4.327114716,4.53062827,4.510973348,5.181482788,5.39631599,5.370799785,5.013866228,4.310586962,4.294289967,4.496311284,4.063021632,4.241549216,4.224317691,4.808142716,4.991689406,4.96984851,4.662694768,4.491575307,4.645230841,4.626310809,4.359011118,5.226544569
5400,4.545507442,4.28984887,4.272548565,-,5.043300845,5.021418033,5.303066651,4.713504959,4.9583218,4.935224227,4.695988323,4.677010029,4.913485113,4.40875839,4.616111822,4.596086052,5.191059569,5.498133273,5.47213563,5.108467478,4.391918792,4.375314306,4.581147346,4.139682417,4.321578447,4.304021799,4.822834243,5.085872225,5.063619236,4.750670141,4.509907792,4.732876705,4.713599692,4.44125661,5.235444064
5500,4.576850801,4.322203526,4.304959839,4.477419826,5.085779685,5.063930352,5.319491065,4.756288932,4.978578868,4.955714066,4.744909642,4.725885544,4.94104943,4.456855602,4.645571267,4.625656816,5.25809399,5.53763188,5.511737499,5.149227914,4.440639169,4.423972423,4.611242465,4.187357926,4.352861862,4.335373176,4.888206697,5.127593904,5.105384596,4.79284118,4.578115036,4.781286529,4.76197021,4.488934888,5.302702985
5600,4.66006627,4.400789045,4.383231836,4.558827459,5.178248407,5.156001813,5.416209084,4.842766913,5.069098484,5.045817958,4.831180726,4.811810735,5.030886692,4.537889341,4.730036199,4.709759667,5.353695699,5.638316096,5.611950908,5.242850239,4.521378063,4.504408285,4.695083237,4.263491706,4.432004805,4.414198143,4.977083182,5.220822884,5.198209771,4.879983747,4.661353491,4.868219012,4.848551487,4.570551886,5.399115766
5700,4.718963029,4.459593736,4.443372319,4.640235092,5.270717128,5.248073273,5.480103516,4.929244893,5.133390794,5.111909116,4.917451811,4.897735927,5.092392539,4.618923079,4.791657306,4.772935314,5.449297408,5.739000312,5.712164317,5.336472565,4.602116957,4.584844147,4.754239403,4.339625487,4.491085934,4.474635031,5.065959668,5.314051864,5.291034945,4.967126313,4.744591946,4.955151494,4.935132763,4.652168884,5.495528548
5800,4.801751854,4.537832222,4.52132622,4.649140769,5.304060091,5.28390584,5.576245683,4.967870516,5.223450282,5.201591732,4.95221918,4.934645651,5.181732759,4.657914666,4.87572147,4.856671021,5.512897996,5.769654446,5.745814539,5.374053495,4.637715973,4.622300195,4.837647112,4.378627728,4.569876915,4.5531374,5.128823613,5.347184296,5.326701621,5.005681765,4.810905632,4.989791654,4.971950933,4.691139082,5.559914509
5900,4.826663107,4.564346878,4.547929795,4.729298369,5.340614756,5.320527295,5.584773079,5.005336021,5.236555438,5.214958105,4.995967104,4.978384341,5.202206405,4.701371884,4.898765739,4.879859827,5.514651805,5.802565606,5.778860527,5.408914314,4.682156457,4.666709752,4.861738462,4.422445692,4.595700946,4.57905795,5.136408496,5.383495576,5.363084863,5.042982832,4.822652524,5.033472586,5.01562531,4.734569937,5.560894279
6000,4.908470956,4.641708689,4.62501335,4.809455968,5.43113365,5.410705723,5.67943025,5.090172225,5.325310615,5.303347225,5.080644513,5.062763737,5.290379395,4.781056154,4.981795667,4.962569316,5.608120479,5.900914176,5.876807316,5.500590828,4.761515041,4.745806527,4.944140809,4.497402399,4.673594183,4.656669102,5.223466267,5.474741263,5.453984607,5.128457117,4.904392397,5.11878568,5.100635909,4.814816885,5.655146724
6100,4.990278806,4.719070501,4.702096906,4.889613568,5.521652544,5.500884152,5.774087421,5.175008428,5.414065792,5.391736345,5.165321922,5.147143133,5.378552385,4.860740423,5.064825594,5.045278804,5.701589154,5.999262745,5.974754104,5.592267342,4.840873625,4.824903303,5.026543156,4.572359106,4.751487419,4.734280254,5.310524038,5.565986951,5.54488435,5.213931402,4.986132271,5.204098775,5.185646507,4.895063833,5.74939917
6200,5.04633306,4.774944916,4.759655765,4.891037674,5.552967298,5.532300635,5.834293044,5.207806252,5.474557109,5.454468914,5.204613616,5.186454341,5.43682012,4.900213154,5.123112239,5.105516278,5.760575819,6.026215593,6.001883934,5.621857326,4.881750805,4.865771174,5.082817209,4.6129701,4.807597707,4.792099075,5.369831177,5.59757022,5.576570852,5.247017074,5.049560317,5.243776196,5.225343095,4.934913449,5.809730598
6300,5.064883688,4.795658635,4.780480779,4.969925379,5.580814517,5.563019477,5.834965799,5.241336093,5.480513881,5.460700426,5.234305463,5.218648486,5.450257711,4.934542132,5.139760533,5.122330386,5.755596708,6.05079573,6.02988293,5.653766108,4.912727136,4.898932352,5.100969889,4.647732925,4.827998208,4.812615286,5.37128287,5.625146918,5.607068495,5.280420208,5.055631413,5.273284405,5.257393724,4.969169579,5.803880773
6400,5.145278667,4.8717802,4.856361426,5.048813083,5.669398874,5.651321373,5.927584304,5.324531904,5.567506165,5.54737821,5.317389676,5.301484176,5.536769738,5.012868198,5.221344034,5.203637217,5.846955386,6.146840107,6.125595358,5.743508427,4.990706932,4.976693183,5.181937665,4.721506463,4.904633101,4.889006005,5.456541328,5.714434964,5.696069582,5.364236402,5.135879531,5.356987332,5.340844418,5.048045287,5.896005865
6500,5.225673647,4.947901766,4.932242073,5.127700788,5.757983232,5.73962327,6.020202809,5.407727715,5.654498449,5.634055995,5.40047389,5.384319866,5.623281765,5.091194264,5.302927534,5.284944049,5.901884803,6.242884483,6.221307785,5.833250747,5.068686728,5.054454014,5.262905441,4.795280002,4.981267993,4.965396724,5.51278302,5.80372301,5.785070669,5.448052595,5.196785152,5.440690259,5.424295112,5.126920994,5.952834114
6600,5.23866225,4.963551669,4.948030938,5.121661662,5.78334658,5.765104523,6.013936395,5.435123291,5.654168874,5.634037394,5.434609184,5.418497733,5.630527269,5.125995128,5.313962968,5.296177379,5.992683031,6.263141877,6.241753086,5.856773528,5.105371224,5.091150207,5.275918996,4.832077052,4.996985569,4.981255374,5.597595067,5.829865471,5.811329241,5.47618901,5.276735693,5.475667105,5.459311661,5.162506691,6.044416177
6700,5.29142554,5.016079469,5.002555229,5.199262596,5.806331778,5.791352153,6.070013225,5.464252163,5.710429367,5.692908342,5.459833288,5.446586125,5.685109467,5.15629614,5.368493337,5.353004935,5.980898355,6.282295509,6.264763078,5.883759224,5.132286274,5.12057918,5.328867897,4.863178821,5.049714105,5.036008136,5.592804968,5.852517239,5.837298673,5.505136746,5.276989806,5.500651526,5.487205792,5.192686867,6.031651743
6800,5.37040204,5.090946327,5.077220233,5.276863531,5.892993446,5.877790245,6.160610437,5.545808165,5.795659656,5.777877123,5.541323337,5.527878455,5.769961847,5.233255784,5.448620104,5.432900532,6.031766943,6.376061113,6.358267004,5.971576526,5.208887561,5.197005735,5.408403239,4.935763579,5.125082972,5.111172436,5.646019862,5.939868243,5.924422534,5.587302967,5.335437041,5.582750802,5.569104386,5.270189656,6.084973551
6900,5.449378541,5.165813184,5.151885236,5.354464465,5.913393731,5.89830652,6.251207649,5.568642026,5.880889945,5.862845904,5.571083988,5.557690956,5.854814228,5.264054286,5.52874687,5.512796128,6.120469398,6.390772197,6.373154359,5.989997491,5.242074264,5.230214733,5.48793858,4.969350415,5.20045184,5.186336737,5.729049566,5.96155349,5.946219851,5.611329765,5.41389935,5.613809319,5.600210323,5.302183971,6.174458457
7000,5.456063581,5.175672154,5.161890262,5.340968327,5.999095089,5.983789223,6.237070854,5.649346982,5.873336666,5.85559521,5.651824336,5.638237201,5.855032581,5.340344928,5.533344076,5.517594432,6.209171853,6.483392084,6.465518915,6.076809049,5.318046355,5.306014947,5.495065845,5.041369986,5.210755821,5.196786705,5.812079269,6.047952816,6.032396951,5.692653385,5.49236166,5.695168874,5.681372792,5.379027217,6.263943362
7100,5.534007346,5.249610328,5.235631552,5.417267874,6.084796448,6.069271926,6.326171866,5.730051939,5.957241476,5.93924657,5.732564684,5.718783447,5.938675903,5.41663557,5.612391849,5.596417209,6.190526895,6.57601197,6.557883471,6.163620607,5.394018446,5.38181516,5.573566786,5.113389558,5.28519519,5.271026515,5.800950165,6.134352142,6.11857405,5.773977005,5.486665486,5.77652843,5.76253526,5.455870463,6.244195088
7200,5.583757474,5.299150877,5.287535828,5.493567422,6.101871754,6.090058869,6.378456469,5.753966331,6.0097473,5.994812712,5.752354917,5.7418554,5.989863495,5.442151141,5.663562248,5.650296786,6.236754834,6.588550329,6.574780058,6.184770812,5.415993435,5.406684916,5.623470594,5.140136692,5.334905819,5.323133675,5.850730523,6.151009375,6.139005656,5.797640359,5.542413889,5.796004394,5.785345077,5.481203855,6.293468063
7300,5.661309661,5.372750194,5.360973826,5.569866969,6.116373133,6.104666366,6.467046142,5.771377275,6.093216012,6.078073999,5.777022168,5.766577295,6.073056044,5.46828049,5.742222834,5.72877313,6.323376429,6.596565808,6.582950748,6.197041898,5.445117733,5.435837588,5.701574353,5.169988165,5.409001733,5.397066088,5.931990669,6.167310697,6.15540832,5.816709309,5.619391859,5.822443272,5.81183366,5.508959346,6.380877342
7400,5.661724107,5.376827228,5.365192036,5.548909848,6.200159066,6.188291933,6.445061348,5.850437238,6.078428577,6.063563012,5.856159458,5.845571504,6.066262718,5.543188442,5.74037046,5.727110638,6.409998024,6.686929723,6.673128156,6.281932883,5.519708387,5.510301116,5.702852933,5.240809921,5.413907452,5.402111403,6.013250815,6.251794406,6.239728981,5.896390259,5.69636983,5.902202769,5.89144782,5.584424543,6.468286621
7500,5.738233892,5.449487056,5.437694631,5.623895116,6.283944999,6.2719175,6.532156771,5.929497201,6.160569504,6.145503053,5.935296748,5.924565714,6.148239242,5.618096394,5.817943034,5.804504025,6.452109461,6.777293638,6.763305563,6.366823868,5.594299041,5.584764645,5.779918513,5.311631677,5.487068364,5.475112908,6.06029538,6.336278114,6.324049643,5.976071208,5.75025352,5.981962265,5.97106198,5.659889739,6.514134702
7600,5.785262504,5.496337309,5.487254529,5.698880385,6.295991132,6.288076512,6.581075622,5.948973349,6.209745927,6.198154777,5.950393962,5.9433239,6.196383389,5.63948668,5.866107215,5.855762375,6.426013465,6.784284817,6.77509583,6.383067987,5.611961938,5.605672807,5.827074141,5.334590703,5.534063335,5.524855546,6.042076405,6.347828981,6.339783578,5.995233364,5.737699809,5.996676159,5.989495753,5.681041864,6.486718449
7700,5.861384379,5.568657536,5.559455246,5.773865653,6.304611066,6.296777714,6.667668722,5.960941087,6.291453111,6.279709445,5.969983943,5.962959594,6.277914749,5.660933289,5.943292836,5.93281188,6.510566274,6.785599359,6.776526036,6.389139646,5.637082835,5.630819624,5.90374617,5.360740352,5.606879958,5.597551014,6.12157741,6.358774875,6.350806434,6.00933814,5.813195859,6.018528543,6.011389563,5.704563559,6.572070008
7800,5.855553289,5.566955092,5.557876137,5.7454347,6.386489132,6.378554047,6.637854647,6.038355906,6.269417919,6.257905528,6.047516202,6.040400628,6.264116926,5.734451903,5.934972486,5.924654592,6.548449765,6.873724026,6.864532868,6.472115486,5.710291703,5.703947152,5.899208726,5.430360356,5.606398856,5.597190896,6.165633338,6.441356367,6.43328444,6.087381493,5.864746671,6.096691252,6.089459557,5.7786488,6.614303387
7900,5.930624485,5.638326311,5.629130959,5.819094119,6.468367198,6.460330381,6.722955347,6.115770726,6.349795072,6.338135086,6.125048461,6.117841662,6.344426117,5.807970517,6.011061877,6.000611702,6.63240425,6.961848693,6.9525397,6.555091326,5.783500571,5.777074679,5.974839607,5.499980361,5.678275764,5.668949754,6.244679919,6.523937859,6.515762446,6.165424845,5.939935731,6.17485396,6.167529551,5.852734042,6.699102149
8000,6.005695681,5.709697531,5.700385781,5.892753539,6.47123433,6.463290818,6.808056048,6.122507276,6.430172224,6.418364644,6.139832809,6.132681613,6.424735308,5.825040097,6.087151268,6.076568813,6.599505443,6.956405381,6.947226957,6.555049124,5.805009797,5.798616879,6.050470488,5.522825104,5.750152673,5.740708611,6.220030674,6.529694662,6.52160707,6.174811199,5.921227713,6.192434443,6.185160262,5.872365385,6.664706417
8100,6.049519274,5.75347824,5.747275705,5.966412958,6.478062274,6.474585837,6.853029605,6.137296386,6.475577635,6.467721544,6.14987108,6.146737881,6.469297068,5.841937658,6.131891585,6.124846822,6.681999261,6.957848678,6.953838378,6.566262701,5.817905223,5.815101074,6.094387318,5.541571747,5.794047656,5.787757389,6.297781057,6.535916873,6.53237808,6.189200031,5.995243059,6.201988537,6.198802022,5.888946633,6.748015248
8200,6.037460868,5.745992695,5.739881645,5.930487314,6.558038352,6.554518996,6.815401986,6.213065478,6.446278016,6.438587641,6.225795415,6.222623534,6.44849467,5.914060346,6.117078178,6.110152792,6.715017132,7.043748044,7.039688235,6.647327672,5.889731214,5.886892445,6.084062629,5.609986213,5.788187794,5.78198671,6.33842611,6.616607204,6.613024723,6.265609908,6.044205875,6.278556297,6.275330442,5.961649678,6.786068167
8300,6.111088439,5.816065777,5.809880201,6.00281033,6.638014429,6.634452154,6.898516645,6.288834569,6.524891163,6.517107003,6.301719749,6.298509187,6.527134849,5.986183033,6.191676693,6.184666851,6.796907585,7.129647411,7.125538091,6.728392644,5.961557204,5.958683816,6.158258514,5.678400679,5.85877545,5.852498743,6.415723989,6.697297536,6.693671366,6.342019785,6.117915703,6.355124056,6.351858862,6.034352723,6.868825096
8400,6.184716011,5.886138859,5.879878758,6.075133346,6.634893918,6.631377337,6.981631303,6.289970845,6.603504309,6.595626364,6.311339855,6.308157804,6.605775028,5.998444002,6.266275207,6.259180909,6.757192004,7.117320343,7.113273941,6.721909301,5.979103374,5.976247444,6.2324544,5.697548084,5.929363106,5.923010776,6.384565632,6.697631475,6.694048094,6.346327274,6.092927832,6.368081582,6.364842073,6.049676214,6.827412196
8500,6.166945293,5.873367026,5.8672073,6.147456362,6.713880751,6.710322305,6.936690185,6.36485145,6.567444543,6.559743916,6.386474853,6.383254921,6.578462937,6.06985405,6.245454565,6.238490123,6.785901509,7.202050347,7.197955773,6.801932031,6.050283176,6.047393247,6.216867531,5.765376037,5.918631847,5.912376862,6.422283933,6.777365183,6.773739142,6.42187879,6.139658693,6.443892077,6.440614003,6.121696169,6.861821366
8600,6.207354973,5.913874686,5.91114566,6.104007695,6.714760764,6.71613058,6.977657108,6.374528062,6.608981507,6.605573434,6.390895477,6.39213633,6.619293717,6.081936329,6.286612283,6.283528498,6.865735644,7.196977305,7.198550953,6.807539781,6.057961043,6.059075967,6.25734339,5.779653026,5.959230726,5.956459689,6.497840214,6.777516632,6.778912175,6.431058677,6.211889972,6.447718058,6.448981076,6.13337558,6.942548677
8700,6.279533519,5.982640671,5.979879912,6.174984528,6.706643233,6.707994028,7.058792656,6.370918068,6.685830129,6.682382428,6.396137616,6.397366217,6.696262249,6.09007042,6.359712425,6.356592782,6.94556978,7.178912515,7.180460272,6.795591527,6.072243553,6.073350863,6.330103197,5.795719318,6.028524106,6.025720849,6.573396496,6.77340253,6.774780354,6.431130897,6.284121251,6.45683037,6.4580824,6.14506865,7.023275987
8800,6.351712066,6.051406655,6.048614164,6.245961362,6.783731086,6.785097408,7.139928204,6.444147011,6.762678752,6.759191421,6.469656439,6.470899162,6.77323078,6.160071229,6.432812568,6.429657067,6.969369239,7.261428751,7.262994298,6.873701774,6.142039456,6.143159494,6.402863004,5.862336782,6.097817487,6.094982008,6.608129696,6.851257731,6.852651393,6.505051942,6.328961553,6.531046811,6.532313232,6.215701623,7.053684374
8900,6.327668366,6.032772076,6.030027922,6.316938196,6.860818939,6.862200788,7.087098656,6.517375954,6.719226884,6.715822874,6.543175263,6.544432107,6.738815377,6.230072038,6.405361418,6.402267921,6.922771604,7.343944987,7.345528324,6.951812021,6.211835359,6.212968125,6.381473826,5.928954245,6.081659899,6.078871099,6.570024922,6.929112933,6.930522432,6.578972987,6.296972326,6.605263252,6.606544064,6.286334596,7.005010544
9000,6.398765763,6.100556032,6.097781045,6.265930985,6.856610205,6.863331622,7.166728978,6.522704528,6.794723815,6.791281558,6.542710874,6.548830683,6.814532404,6.237998808,6.477331771,6.474203515,7.000555555,7.333388798,7.341077995,6.952720993,6.214913431,6.220435124,6.453175779,5.939326318,6.149993156,6.147173022,6.643845426,6.924054677,6.930909039,6.583710854,6.367724824,6.604093769,6.610329002,6.293772933,7.083718528
9100,6.435864334,6.137982852,6.139064529,6.33555244,6.842502188,6.849122331,7.203736729,6.513414659,6.832583102,6.833923472,6.542771346,6.548823955,6.851702007,6.241248006,6.515089826,6.516308511,7.019806602,7.308389773,7.3159426,6.934188634,6.225339753,6.230819061,6.490299795,5.951752612,6.187476504,6.188575697,6.675637649,6.914557381,6.921317755,6.578672538,6.410387484,6.608621774,6.614796887,6.30114108,7.11033736
9200,6.506588118,6.205433213,6.206526777,6.405173896,6.91769452,6.924387412,7.282898672,6.584990644,6.907666433,6.909021532,6.614669932,6.620789053,6.926995436,6.309833149,6.586684219,6.587916297,7.096947334,7.388701749,7.396337573,7.010388509,6.29375008,6.2992896,6.561621771,6.017156487,6.255470751,6.256582023,6.748996305,6.990541528,6.997376191,6.650965643,6.480831302,6.681243991,6.687486962,6.370384388,7.188472936
9300,6.476267587,6.180910992,6.181984261,6.474795351,6.992886851,6.999652492,7.222183817,6.656566629,6.856791925,6.858112775,6.686568519,6.692754151,6.885452296,6.378418292,6.552553337,6.553759564,7.043685711,7.469013724,7.476732547,7.086588384,6.362160407,6.36776014,6.534447035,6.082560361,6.233883082,6.234974828,6.704320761,7.066525675,7.073434628,6.723258748,6.442359652,6.753866208,6.760177038,6.439627697,7.132852362
9400,6.545904873,6.2473724,6.24845721,6.416186967,6.972413446,6.979067888,7.299841708,6.641401143,6.93052087,6.931855923,6.68130546,6.687415593,6.959489417,6.376752932,6.6230109,6.624230097,7.119424267,7.436401965,7.443972013,7.061054316,6.368841564,6.37439332,6.604709906,6.091517698,6.300914083,6.302017568,6.776410232,7.051355166,7.058161217,6.712986859,6.511632337,6.753758686,6.760002118,6.442718853,7.209549699
9500,6.615542158,6.313833809,6.314930159,6.484444275,6.963432536,6.97575264,7.377499598,6.642532733,7.004249816,7.005599072,6.67598878,6.687311926,7.033526539,6.380472888,6.693468463,6.69470063,7.133406394,7.42099569,7.43498971,7.057638337,6.367142423,6.377441327,6.674972777,6.097784942,6.367945084,6.369060308,6.80482934,7.041331788,7.053929331,6.713381144,6.551858033,6.747556509,6.759123938,6.445813882,7.231778275
9600,6.64924389,6.348146508,6.353547218,6.552701583,7.036731825,7.049181615,7.410494985,6.71245413,7.03843652,7.045076236,6.746262346,6.757704683,7.066957469,6.447635761,6.727805992,6.733872322,7.208494883,7.499111434,7.51325276,7.131929267,6.434164975,6.444572288,6.708653308,6.161972152,6.40227538,6.407768623,6.876459123,7.11545107,7.128181219,6.784048314,6.62082496,6.818583419,6.830272612,6.513664555,7.307902257
9700,6.612637099,6.317705477,6.322999303,6.620958891,7.110031115,7.12261059,7.341895571,6.782375527,6.980104851,6.986567536,6.816535912,6.82809744,7.018255862,6.514798633,6.686938786,6.692869772,7.148588663,7.577227178,7.591515809,7.206220197,6.501187527,6.511703249,6.675707795,6.226159362,6.375251098,6.380641844,6.825138998,7.189570352,7.202433106,6.854715484,6.575738424,6.88961033,6.901421285,6.581515227,7.245318074
9800,6.680808615,6.382836461,6.388184863,6.554699494,7.083392072,7.095749754,7.417585217,6.76129904,7.052064695,7.058594005,6.805918289,6.817325994,7.090609015,6.508034755,6.7558763,6.76186843,7.157865307,7.537423487,7.551417713,7.173775967,6.504035245,6.514452619,6.744529525,6.231462291,6.440975337,6.446421657,6.850675008,7.168916649,7.181574812,6.839179819,6.613882469,6.884836363,6.896510384,6.580159183,7.263698548
9900,6.748980132,6.447967445,6.453370423,6.621584183,7.069380585,7.087816804,7.493274862,6.758221615,7.124024539,7.130620475,6.795665835,6.812700331,7.162962168,6.507644685,6.824813813,6.830867087,7.230904748,7.516703745,7.537550365,7.165898083,6.497578493,6.513149639,6.813351254,6.233780449,6.506699575,6.51220147,6.920579855,7.153694402,7.172573594,6.835236197,6.681371066,6.873541103,6.890968752,6.579023988,7.337817921
10000,6.706335336,6.411873368,6.41716253,6.688468871,7.14078847,7.159410913,7.416918479,6.82648648,7.058417884,7.064828029,6.864308924,6.881515486,7.107273496,6.573378469,6.777416129,6.783325833,7.30394419,7.592630045,7.613687238,7.238280892,6.563210599,6.578939029,6.77491061,6.296747928,6.474530707,6.47992379,6.990484702,7.225953941,7.245023832,6.904278987,6.748859662,6.942970811,6.960574497,6.645478776,7.411937294
10100,6.73666509,6.443071672,6.452990404,6.75535356,7.108979573,7.127253053,7.446183099,6.80036132,7.089128247,7.101137692,6.849122824,6.866083214,7.137102473,6.562198941,6.808419913,6.819496369,7.307204306,7.546789204,7.567386012,7.199915047,6.562930477,6.57850148,6.805173119,6.299022034,6.505710706,6.515823385,7.012727223,7.200795683,7.219544857,6.884331463,6.785067128,6.934309032,6.951694472,6.64035667,7.425568658
10200,6.803364744,6.506864461,6.516881398,6.681385841,7.179365509,7.197819915,7.519907685,6.86769163,7.159317636,7.171445986,6.916935921,6.934064236,7.207766854,6.627171207,6.875830012,6.887016135,7.241236992,7.621509889,7.642310626,7.271201334,6.627909987,6.643635158,6.872551071,6.361388588,6.570123683,6.580336488,6.9546715,7.27209069,7.291025499,6.952493161,6.732830744,7.002965557,7.02052313,6.706102776,7.356299361
10300,6.870064398,6.57065725,6.580772392,6.746889623,7.249751445,7.268386777,7.59363227,6.93502194,7.229507025,7.24175428,6.984749019,7.002045258,7.278431235,6.692143474,6.94324011,6.954535901,7.312229511,7.696230574,7.71723524,7.342487622,6.692889496,6.708768836,6.939929022,6.423755143,6.63453666,6.64484959,7.022854554,7.343385697,7.362506141,7.020654859,6.798838889,7.071622082,7.089351788,6.771848882,7.428419943
10400,6.821015309,6.528493385,6.538382866,6.812393406,7.229806777,7.255001608,7.509266633,6.927032425,7.156262169,7.168146735,6.968676744,6.992081497,7.21540368,6.686952806,6.88888646,6.89989886,7.383222031,7.669229258,7.697585815,7.329396597,6.680809214,6.702317277,6.895662572,6.421446747,6.596843302,6.606941103,7.091037608,7.322016467,7.34785922,7.011635416,6.864847033,7.054306323,7.078290784,6.765759661,7.500540525
10500,6.886601995,6.59126736,6.601251932,6.877897189,7.191776316,7.216468082,7.581471119,6.894849005,7.225072382,7.237071223,6.948043692,6.971087506,7.284782561,6.670513018,6.955125753,6.966244041,7.380706006,7.61609166,7.643788621,7.283902469,6.676800812,6.698077787,6.961967019,6.420115809,6.660274488,6.670469383,7.109900178,7.291400474,7.316782271,6.986364267,6.898717731,7.040986023,7.064651514,6.756132967,7.509515532
10600,6.913453606,6.619365997,6.634457383,6.79615596,7.260269424,7.285196349,7.606755681,6.960514234,7.25223886,7.270357902,7.014215536,7.037478815,7.310831539,6.734041713,6.982766771,6.999562768,7.308354911,7.688625867,7.716586608,7.353272969,6.740389391,6.761869004,6.988686356,6.481259769,6.688302402,6.703710125,7.045152386,7.360842383,7.386465912,7.05290107,6.839642294,7.108043033,7.13193391,6.82047709,7.433418182
10700,6.978674867,6.681812846,6.697046604,6.860270639,7.328762531,7.353924617,7.678517527,7.026179463,7.320656208,7.338946184,7.080387381,7.103870125,7.379801648,6.797570409,7.048641929,7.065596379,7.377301655,7.761160073,7.789384595,7.422643468,6.80397797,6.825660221,7.05461736,6.542403729,6.751399594,6.766952673,7.111616087,7.430284292,7.456149553,7.119437872,6.904167221,7.175100043,7.199216305,6.884821214,7.503544769
10800,6.923187527,6.63352146,6.648396238,6.924385318,7.283528614,7.308149637,7.586127946,6.987248321,7.239718876,7.257440136,7.053649692,7.076738625,7.309376503,6.775419144,6.98724465,7.003750049,7.369573473,7.699302741,7.726820245,7.368998157,6.796029404,6.817460021,7.004529333,6.537378708,6.708162289,6.723374078,7.127598459,7.393384337,7.418754961,7.088286383,6.936058497,7.156631404,7.180400582,6.87038219,7.508413746
10900,6.987291116,6.694942955,6.709955462,6.988499997,7.259434407,7.290901436,7.656369871,6.975698461,7.30675331,7.324638656,7.033079959,7.062611261,7.377055915,6.766437382,7.051941359,7.068599586,7.437810265,7.668382356,7.703503104,7.352473988,6.779197879,6.806631446,7.069386086,6.531119004,6.770274903,6.785627541,7.193594741,7.36754302,7.399956344,7.075463278,7.000281261,7.134504772,7.164895804,6.860266117,7.577936096
11000,7.051394704,6.75636445,6.771514686,6.898911629,7.326034722,7.35779044,7.726611797,7.039695694,7.373787744,7.391837176,7.097603628,7.127405859,7.444735327,6.82851479,7.116638069,7.133449124,7.359132716,7.738734488,7.774177445,7.419927877,6.841392355,6.869077606,7.134242839,6.591037527,6.832387517,6.847881005,7.12207759,7.435135158,7.467845852,7.140375785,6.934215761,7.199958945,7.230628793,6.923204338,7.495012542
11100,7.07468253,6.781336045,6.802095484,6.961629008,7.392635038,7.424679444,7.747873859,7.103692928,7.397427213,7.422136902,7.162127298,7.192200458,7.46693296,6.890592197,7.140905484,7.163928495,7.34604995,7.80908662,7.844851785,7.487381767,6.90358683,6.931523766,7.157321907,6.65095605,6.857227584,6.878454998,7.135208993,7.502727295,7.53573536,7.205288292,6.964176148,7.265413117,7.296361782,6.98614256,7.495722385
11200,7.012715505,6.726850105,6.74709386,7.024346386,7.340905683,7.372218928,7.64744201,7.0583618,7.308736606,7.332640313,7.129646849,7.159180118,7.389043132,6.862835702,7.072366106,7.094746317,7.412230581,7.739567224,7.774381932,7.426157004,6.891921119,6.91951394,7.101414748,6.642294566,6.808423232,6.829161692,7.199490155,7.460225068,7.492566762,7.168604017,7.026916473,7.242144811,7.27261943,6.967009728,7.563251415
11300,7.075329036,6.786911267,6.807335769,7.087063765,7.311879404,7.350457128,7.715722742,7.042831093,7.373993183,7.398110316,7.10406635,7.140476919,7.455016732,6.849828231,7.135512232,7.158092266,7.478411211,7.703622747,7.746457016,7.405560535,6.870035327,6.904080697,7.164820237,6.631991508,6.869212725,6.89013635,7.263771317,7.42918513,7.469013972,7.151598661,7.089656799,7.214748405,7.252305371,6.952672589,7.630780446
11400,7.137942567,6.846972428,6.867577679,6.989545465,7.376586301,7.415505421,7.784003474,7.105157032,7.43924976,7.463580319,7.166934194,7.20366698,7.520990331,6.91044618,7.198658358,7.221438216,7.393474238,7.7717964,7.815009732,7.471096469,6.9308321,6.965178756,7.228225726,6.690681698,6.930002219,6.951111008,7.185402918,7.494930131,7.535111441,7.214887145,7.016440858,7.278595736,7.316485064,7.014200665,7.541035419
11500,7.069410187,6.786272124,6.806336583,7.050857267,7.319354523,7.357335592,7.675216287,7.054284665,7.342614077,7.366108868,7.129482861,7.165514102,7.435407684,6.877750512,7.122841583,7.144948855,7.374144695,7.695775704,7.737775031,7.4032854,6.916161657,6.950063848,7.166472833,6.679017569,6.875666368,6.89626372,7.195251823,7.447809871,7.487139363,7.173528696,7.04422644,7.25130466,7.288580974,6.991053104,7.536916949
11600,7.089451436,6.808361604,6.834356043,7.11216907,7.383001084,7.421312423,7.693144537,7.115626271,7.363258575,7.393672362,7.191478364,7.22782292,7.454244229,6.937557039,7.144115515,7.172742391,7.438267692,7.762695493,7.805060032,7.467661795,6.976302193,7.010499186,7.186215976,6.737095983,6.897556753,6.924238085,7.25781923,7.512573435,7.552244922,7.235907206,7.105480583,7.314359483,7.351959939,7.05184487,7.602455358
11700,7.150567397,6.867054376,6.893272906,7.173480872,7.446647645,7.485289254,7.759464749,7.176967877,7.426734942,7.457410917,7.253473867,7.290131738,7.518504955,6.997363565,7.205702718,7.234576377,7.50239069,7.829615282,7.872345032,7.53203819,7.036442729,7.070934524,7.248166114,6.795174396,6.957018449,6.983929793,7.320386637,7.577336999,7.617350482,7.298285717,7.166734726,7.377414306,7.415338904,7.112636637,7.667993766
11800,7.211683358,6.925747148,6.952189768,7.067939783,7.411841674,7.458234666,7.82578496,7.156809909,7.490211309,7.521149471,7.222026732,7.266066871,7.582765681,6.979676711,7.267289921,7.296410363,7.474973121,7.787769001,7.839003693,7.506701352,7.008615144,7.050083486,7.310116252,6.780149885,7.016480145,7.043621501,7.326472701,7.540185453,7.588204245,7.276402102,7.192521821,7.343826984,7.389369817,7.093375255,7.657838993
11900,7.136456946,6.858601361,6.884314051,7.127837578,7.347972704,7.393181627,7.708760881,7.099278615,7.385562575,7.415386765,7.178621732,7.221764663,7.4894291,6.941073702,7.18399626,7.212211635,7.385490001,7.703894934,7.753604416,7.43097221,6.990339322,7.03124236,7.242442878,6.764893129,6.956438331,6.982891243,7.24168399,7.487465847,7.534413028,7.229405574,7.111868129,7.311700862,7.356463196,7.065414826,7.562416026
12000,7.196427173,6.916236667,6.942165429,7.187735373,7.409720374,7.455309203,7.773540384,7.158936419,7.447626126,7.477700939,7.238946284,7.282451761,7.552365479,6.999402052,7.244365976,7.272818455,7.447552942,7.768633547,7.818760755,7.493417355,7.049081669,7.09032843,7.303303742,6.82174097,7.014895796,7.041571002,7.302538477,7.550385728,7.597727423,7.290156881,7.171631727,7.373143726,7.418282215,7.12478806,7.625965741
12100,7.212844537,6.93524243,6.967634096,7.247633167,7.471468044,7.51743678,7.787525986,7.218594222,7.464915169,7.502456935,7.299270837,7.343138859,7.5673484,7.057730403,7.262364906,7.297892175,7.413950363,7.83337216,7.883917095,7.5558625,7.107824016,7.1494145,7.3193125,6.878588812,7.033616908,7.066936232,7.305764859,7.613305609,7.661041818,7.350908189,7.195597404,7.434586591,7.480101233,7.184161294,7.611257918
12200,7.272454822,6.992558483,7.025217849,7.133965278,7.431709429,7.485859748,7.851885705,7.194554817,7.526608683,7.564460711,7.262683983,7.314390574,7.62988847,7.036029797,7.322384451,7.358205333,7.47522268,7.786605552,7.846071872,7.526655944,7.074640167,7.123694828,7.379802686,6.859397073,7.091745973,7.125340664,7.366143081,7.570855608,7.627060324,7.324884185,7.255065151,7.395516144,7.449138407,7.160629344,7.674160876
12300,7.190455357,6.918857958,6.950569794,7.192440404,7.361111861,7.413799603,7.726581725,7.130203845,7.413854108,7.450277724,7.213189401,7.26377361,7.528689445,6.99132854,7.231467665,7.26611704,7.379937486,7.694762765,7.752353702,7.442806249,7.052821177,7.10117361,7.306197456,6.840570614,7.025956466,7.05865997,7.274453382,7.512536923,7.567422716,7.272186294,7.166971059,7.358529719,7.411180372,7.127781132,7.572153675
12400,7.248914344,6.975108835,7.007078491,7.250915529,7.420958299,7.474074397,7.789399463,7.188172982,7.474129344,7.510849088,7.271833217,7.32282868,7.589898302,7.04816861,7.290260085,7.325191162,7.439936977,7.757321812,7.815380968,7.503316868,7.110161186,7.158906729,7.365597435,6.89618501,7.083078064,7.116047449,7.33359528,7.573614459,7.628946478,7.33130976,7.225239116,7.418355164,7.471433871,7.185730572,7.6337159
12500,7.261983292,6.991331727,7.030271571,7.309390654,7.480804737,7.53434919,7.799830449,7.246142119,7.488462979,7.533155185,7.330477034,7.38188375,7.601360989,7.105008679,7.305336939,7.347863821,7.399083915,7.819880859,7.878408234,7.563827488,7.167501196,7.216639848,7.378139048,6.951799405,7.098926518,7.139077574,7.333520517,7.634691995,7.69047024,7.390433226,7.247146051,7.478180609,7.53168737,7.243680012,7.613709002
12600,7.320079159,7.047262381,7.086513743,7.187479478,7.401477617,7.453469652,7.862229092,7.173456478,7.548370683,7.593420427,7.273323593,7.323524661,7.662171877,7.053012789,7.363779634,7.406646731,7.458276586,7.717420987,7.773963431,7.469843082,7.141421362,7.189812083,7.43716416,6.928912071,7.15571793,7.196190194,7.392188681,7.569083786,7.623465848,7.330784906,7.305123219,7.435112488,7.487579811,7.205046436,7.674618674
12700,7.231214283,6.96688132,7.004936264,7.244522966,7.358654381,7.419038789,7.728594879,7.146924982,7.427405697,7.470673555,7.232946817,7.291277582,7.552987943,7.028288962,7.265075393,7.306467359,7.357317897,7.66831338,7.733909432,7.438667563,7.10350068,7.159754148,7.357612768,6.906002678,7.084132933,7.123483191,7.293501413,7.522971535,7.58609436,7.301822907,7.209391568,7.391637344,7.452566517,7.178033212,7.566055946
12800,7.288152978,7.021738653,7.060093242,7.301566454,7.416596541,7.477456417,7.789449957,7.203199981,7.485889207,7.529497756,7.289899154,7.348689216,7.612460289,7.08362982,7.322280711,7.363998598,7.309708286,7.728693801,7.794806357,7.497239749,7.159433756,7.216130164,7.415546726,6.960380652,7.139913507,7.17957361,7.290636858,7.582207532,7.645827386,7.359317575,7.229591373,7.449839213,7.511248143,7.234553158,7.541292583
12900,7.345091673,7.076595987,7.115250221,7.358609942,7.474538702,7.535874045,7.850305035,7.259474981,7.544372716,7.588321957,7.346851491,7.406100851,7.671932635,7.138970678,7.379486029,7.421529837,7.366815382,7.789074221,7.855703281,7.555811934,7.215366832,7.272506181,7.473480685,7.014758626,7.195694081,7.235664029,7.347594959,7.641443528,7.705560413,7.416812244,7.286072556,7.508041082,7.569929769,7.291073105,7.600208931
13000,7.354360494,7.089698616,7.135911633,7.228324932,7.387992182,7.447445058,7.85673112,7.179381116,7.555417302,7.607923635,7.283037513,7.340806594,7.679413201,7.0802301,7.391297184,7.441539604,7.423922478,7.678059733,7.742293032,7.452995617,7.185744855,7.241974836,7.482069262,6.98824631,7.208306927,7.256084346,7.404553059,7.570005102,7.63243584,7.351140856,7.342553738,7.459853889,7.520473711,7.24722324,7.65912528
13100,7.258522355,7.00249192,7.047225114,7.283927432,7.444822891,7.504733097,7.714707776,7.234607125,7.426123665,7.476452502,7.339060878,7.397274337,7.562106056,7.134693409,7.284620456,7.333043303,7.365504854,7.737121731,7.801849132,7.510326353,7.241019816,7.297682335,7.39655417,7.04200205,7.130871745,7.177265635,7.397425608,7.628235911,7.691146885,7.407688093,7.3606892,7.517237381,7.578323509,7.302971111,7.626772242
13200,7.313930922,7.055946057,7.101020725,7.339529931,7.396501038,7.46528367,7.773598675,7.20386134,7.482811632,7.533524659,7.292877727,7.35973789,7.619832057,7.105529537,7.340228245,7.389020733,7.261886443,7.682674538,7.756909296,7.475049079,7.19678236,7.261884287,7.453016415,7.014277091,7.185305881,7.232053923,7.292677447,7.576107303,7.648287232,7.37412617,7.257240728,7.467427376,7.537541722,7.271124479,7.513738079
13300,7.36933949,7.109400194,7.154816337,7.395132431,7.30368567,7.370236262,7.832489574,7.117165606,7.539499599,7.590596816,7.223105119,7.288188782,7.677558057,7.040626636,7.395836035,7.444998163,7.316900735,7.56424556,7.635652465,7.364361963,7.164338676,7.228362925,7.509478661,6.984780461,7.239740016,7.28684221,7.347925003,7.499821821,7.570011935,7.30328426,7.312219824,7.414880439,7.483482369,7.222712517,7.570660337
13400,7.265846593,7.014853324,7.058733771,7.256327079,7.3586006,7.425651572,7.681034615,7.170678129,7.401089661,7.449952061,7.27741418,7.342987193,7.551202394,7.093563678,7.280474472,7.327752145,7.250593387,7.621119587,7.693063386,7.419733105,7.218205884,7.282711519,7.417459228,7.037297607,7.156070396,7.201741105,7.337948155,7.556211459,7.626929318,7.358196172,7.328711429,7.47063142,7.539749153,7.277018626,7.533029849
13500,7.272144541,7.025487984,7.077223421,7.310478774,7.41351553,7.481066883,7.684817447,7.224190652,7.409901669,7.467476815,7.331723241,7.397785605,7.555804893,7.146500721,7.289882488,7.345600622,7.304702293,7.677993614,7.750474307,7.475104248,7.272073092,7.337060112,7.422874525,7.089814753,7.166067626,7.219902157,7.392708962,7.612601097,7.683846701,7.413108084,7.383403306,7.526382401,7.596015938,7.331324736,7.58924649
13600,7.326012278,7.077528636,7.129647298,7.364630468,7.360518726,7.437360574,7.741742021,7.189976705,7.46478983,7.522791458,7.280471755,7.355642819,7.611773818,7.113576862,7.343881618,7.400012478,7.196143076,7.619178671,7.701546313,7.436588495,7.222078348,7.296042296,7.477858781,7.057819697,7.219149608,7.273382913,7.280902762,7.555249501,7.636233375,7.37567443,7.271942569,7.470935297,7.550112277,7.295299278,7.470026237
13700,7.379880015,7.129569288,7.182071175,7.418782163,7.260125981,7.334324142,7.798666595,7.095335941,7.51967799,7.578106101,7.20353418,7.2765743,7.667742743,7.041274456,7.397880747,7.454424334,7.249055893,7.491804829,7.570839818,7.316456714,7.186225914,7.25891369,7.532843037,7.024736251,7.272231591,7.32686367,7.334438812,7.473085362,7.551723808,7.298602218,7.325412735,7.41313859,7.490513939,7.241411355,7.524952901
13800,7.26898764,7.027721261,7.078356206,7.271291715,7.313119601,7.387859355,7.638477472,7.147126714,7.37250882,7.428253758,7.256114722,7.329687981,7.532750104,7.09267062,7.273968544,7.328227793,7.173426351,7.546489536,7.626101422,7.369861507,7.238680118,7.311898462,7.434671264,7.076011698,7.182471862,7.235369717,7.321165826,7.52763343,7.60684588,7.351876687,7.340040604,7.467249091,7.545189223,7.294268372,7.481158785
13900,7.321661463,7.078646777,7.129648642,7.323982234,7.366113222,7.441394567,7.693828758,7.198917488,7.425932797,7.482081683,7.308695263,7.382801662,7.58733525,7.144066784,7.326678461,7.381330893,7.225407701,7.601174242,7.681363027,7.423266301,7.291134321,7.364883233,7.488545693,7.127287145,7.23451876,7.287799933,7.374217752,7.582181498,7.661967951,7.405151156,7.393229304,7.521359592,7.599864508,7.34712539,7.535370081
14000,7.324133317,7.08625761,7.145730026,7.376672754,7.255034083,7.327524088,7.693763907,7.093920504,7.431701907,7.497140807,7.221956392,7.293783628,7.588022383,7.06229242,7.332994947,7.396699638,7.112146529,7.460929481,7.537614097,7.290648759,7.250661937,7.323064162,7.48991169,7.089740332,7.241328442,7.303443654,7.255231051,7.491570208,7.568889242,7.319904078,7.27350149,7.456305732,7.532894843,7.286233595,7.410032189
14100,7.376448555,7.136873735,7.196770955,7.429363274,7.20027081,7.282156247,7.748719364,7.058408644,7.484785492,7.550691813,7.167919509,7.24906662,7.642222543,7.027316825,7.385373483,7.449533207,7.027510986,7.401548,7.488103011,7.251726232,7.195994923,7.277782582,7.54341106,7.054299539,7.293052217,7.355611109,7.239190282,7.431487221,7.518748005,7.280463311,7.286617532,7.39702979,7.483478543,7.247389032,7.360586324
14200,7.25796791,7.027488674,7.085144153,7.27300197,7.25133656,7.333802745,7.579684241,7.108468279,7.328673059,7.391398496,7.218755818,7.30047844,7.49837391,7.077155952,7.252631938,7.314057016,7.077351489,7.454041248,7.541210125,7.303156914,7.247030348,7.329398061,7.439043568,7.104330033,7.197112307,7.257596632,7.290532057,7.484192804,7.572072459,7.332097802,7.33829567,7.449490994,7.536552859,7.298788954,7.412789064
14300,7.30908036,7.076978031,7.135039534,7.324220294,7.30240231,7.385449243,7.633062299,7.158527915,7.380283432,7.443450598,7.269592127,7.35189026,7.55117936,7.126995078,7.303706811,7.36556446,7.127191992,7.506534496,7.594317239,7.354587597,7.298065773,7.381013541,7.491431198,7.154360526,7.247796196,7.308706468,7.341873832,7.536898387,7.625396913,7.383732294,7.389973809,7.501952198,7.589627175,7.350188876,7.464991804
14400,7.36019281,7.126467388,7.184934915,7.375438618,7.182892044,7.262663911,7.686440357,7.044591862,7.431893806,7.495502701,7.174655245,7.254243251,7.60398481,7.036669018,7.354781684,7.417071903,7.027174121,7.356424462,7.440119782,7.211428581,7.254174031,7.335546011,7.543818829,7.113142233,7.298480086,7.359816303,7.320929359,7.44004697,7.525666954,7.291769159,7.400956212,7.431210205,7.516625755,7.28328091,7.405603915
14500,7.35874756,7.131052554,7.198636781,7.426656942,7.12387262,7.213424601,7.682516122,7.006079865,7.434681591,7.50817326,7.11582636,7.205174892,7.600706328,6.998297348,7.358038626,7.430015542,6.914174689,7.293326209,7.38721723,7.169911539,7.193494061,7.284816193,7.541003338,7.07340709,7.302073017,7.372953903,7.196327543,7.374939202,7.47095711,7.248770926,7.273100217,7.366316142,7.462108188,7.240440217,7.277557702
14600,7.232456766,7.013854965,7.078773905,7.261214688,7.173002776,7.263172356,7.504503731,7.054397657,7.269414613,7.339174092,7.164901024,7.254865753,7.447752062,7.046561468,7.216150285,7.284886394,6.961858652,7.34362501,7.438163556,7.219359205,7.243104365,7.335056305,7.430389589,7.122189208,7.199849677,7.268274128,7.245957388,7.425800852,7.522480953,7.298762449,7.323259529,7.417118323,7.513571004,7.290374288,7.327747755
14700,7.281994141,7.061895068,7.127258658,7.310949035,7.045896184,7.132280093,7.555904441,6.932189838,7.319205124,7.389442407,7.062303878,7.149093055,7.498764063,6.948071635,7.265575972,7.334782877,7.009542615,7.184718571,7.274561689,7.066525048,7.196524934,7.286665418,7.481282668,7.077945851,7.249163716,7.318056828,7.295587233,7.323678783,7.417053417,7.200908127,7.373418841,7.341407344,7.43523749,7.218046589,7.377937808
14800,7.331531516,7.10993517,7.17574341,7.360683382,7.093827451,7.180799005,7.607305152,6.979347592,7.368995635,7.439710723,7.110346762,7.197726342,7.549776063,6.995337428,7.315001658,7.384679359,6.897286192,7.233594208,7.324048503,7.114596647,7.245480886,7.33623457,7.532175748,7.126095142,7.298477755,7.367839527,7.271291723,7.373499727,7.467509563,7.249893897,7.382689131,7.391348891,7.485817337,7.267148947,7.31123093
14900,7.196064279,6.983853305,7.046907922,7.410417729,7.141758718,7.229317918,7.418526175,7.026505346,7.193197072,7.260106627,7.158389645,7.246359628,7.386024108,7.042603222,7.162635377,7.228974962,6.780823356,7.282469845,7.373535318,7.162668246,7.294436838,7.385803723,7.414230781,7.174244434,7.189158579,7.255992676,7.139422432,7.423320671,7.517965709,7.298879666,7.246054806,7.441290437,7.536397183,7.316251305,7.177662525
15000,7.192077755,6.986473616,7.058870343,7.235656027,7.077824882,7.175605023,7.412762564,6.984551797,7.194538575,7.271335322,7.094049894,7.192281956,7.380526274,7.000351516,7.164168465,7.240314788,6.826332238,7.215064537,7.316700597,7.118163996,7.226732412,7.328699783,7.408502415,7.129520323,7.190525495,7.267236135,7.187338019,7.352356227,7.457925344,7.25175857,7.294686047,7.369865862,7.475942031,7.268791781,7.225834756
15100,7.24002494,7.033050107,7.105929479,7.283893734,6.941502662,7.034896416,7.462180981,6.852351821,7.242502166,7.319810891,6.982193772,7.076693137,7.429729782,6.892001452,7.211929588,7.288583554,6.701791176,7.045545554,7.141779365,6.953719881,7.176889849,7.276770553,7.457892431,7.081631748,7.238462331,7.315684376,7.160239011,7.243840915,7.345607037,7.146809269,7.302600263,7.28816515,7.391189329,7.189950471,7.15224835
15200,7.287972125,7.079626598,7.152988614,7.332131441,6.987472879,7.081485134,7.511599399,6.897731634,7.290465756,7.36828646,7.028433466,7.123558655,7.478933291,6.937643846,7.259690711,7.336852319,-,7.092204796,7.189075917,6.999771006,7.224418921,7.324961086,7.507282447,7.128529972,7.286399168,7.364132616,-,7.291813371,7.394253441,7.194139132,-,7.336431145,7.440137603,7.237566037,-
15300,7.143910965,6.944880262,7.01499636,7.380369148,7.033443095,7.128073852,7.31325517,6.943111447,7.104814364,7.17821413,7.07467316,7.170424172,7.305218556,6.98328624,7.097229099,7.170471415,-,7.138864038,7.236372469,7.045822131,7.271947993,7.373151619,7.38277261,7.175428195,7.170407763,7.245176206,-,7.339785828,7.442899845,7.241468995,-,7.384697139,7.489085876,7.285181603,-
15400,7.190603194,6.990271636,7.06084601,7.196016111,6.88317119,6.973179429,7.361054224,6.797189402,7.151251059,7.225130562,6.949232759,7.040988522,7.352965083,6.861603129,7.143616218,7.217337241,-,6.953064049,7.044921683,6.865338377,7.217010616,7.316024328,7.431026025,7.122543431,7.217273173,7.292530299,-,7.221142948,7.320270858,7.12656826,-,7.293885468,7.395034563,7.197408506,-
15500,7.182739628,6.990039289,7.070612471,7.242743488,6.819389945,6.919548675,7.351690585,6.755607343,7.149945624,7.234269641,6.883804878,6.985878874,7.343673998,6.818817365,7.142362755,7.226506956,-,6.887540075,6.989725696,6.822482351,7.144710021,7.254729953,7.421029116,7.074727971,7.215513827,7.301400803,-,7.148733805,7.25887865,7.078673294,-,7.219553153,7.33190827,7.148104586,-
15600,7.229079884,7.035136317,7.116229325,7.289470866,6.863386009,6.964190924,7.399120847,6.799191907,7.196074305,7.280942349,6.928216522,7.03094906,7.39105254,6.862809735,7.188442515,7.273129581,-,6.931975818,7.0348207,6.866498366,7.190804924,7.301534663,7.468906723,7.120371377,7.262065529,7.348506614,-,7.194854668,7.305710125,7.124342153,-,7.266130915,7.379210904,7.194221389,-
15700,7.076028166,6.891257587,6.96854819,7.336198243,6.907382073,7.008833174,7.19096838,6.84277647,7.000227271,7.0799957,6.972628166,7.076019246,7.206968475,6.906802105,7.015388921,7.09550524,-,6.97641156,7.079915705,6.910514381,7.236899828,7.348339372,7.337731065,7.166014784,7.139232176,7.222218791,-,7.240975531,7.3525416,7.170011013,-,7.312708677,7.426513538,7.240338193,-
15800,7.121098409,6.935150947,7.012933847,7.141942437,6.746237843,6.84235645,7.236770726,6.684984615,7.044814706,7.125091214,6.835879445,6.93458809,7.252872733,6.772995167,7.060072927,7.14069954,-,6.778418286,6.875462673,6.71658197,7.178671968,7.287607411,7.384468205,7.109354736,7.184704993,7.268220185,-,7.115330112,7.222337299,7.047224938,-,7.215121315,7.325174274,7.145101819,-
15900,7.166168652,6.979044308,7.057319504,7.187144604,6.679022228,6.785597573,7.282573072,6.64128411,7.089402141,7.170186728,6.76631507,6.875717253,7.298776991,6.727586914,7.104756933,7.185893841,-,6.71036381,6.817949776,6.672271696,7.099779792,7.220327098,7.431205346,7.057152312,7.230177809,7.314221578,-,7.038202832,7.15665073,6.996309387,-,7.135205072,7.256968669,7.09215243,-
16000,7.154352856,6.975989851,7.064946479,7.232346771,6.721028657,6.828274288,7.269633828,6.683053192,7.085550393,7.17734154,6.808870511,6.918960757,7.285679017,6.769898781,7.100792417,7.19298147,-,6.752567356,6.860829964,6.714235669,7.144432495,7.26573796,7.416788681,7.101536917,7.225275401,7.320746822,-,7.082468258,7.201661112,7.040311332,-,7.180080576,7.302609981,7.136757162,-
16100,6.991834131,6.822419,6.906943378,7.277548939,6.54948568,6.650643124,7.051382348,6.513641587,6.879104723,6.965048366,6.660883543,6.765538846,7.090752929,6.623813212,6.91656991,7.003458152,-,6.543214316,6.644176636,6.507438647,7.083661387,7.202141775,7.278829187,7.041750681,7.095403022,7.186872182,-,6.950729823,7.064769349,6.910372864,-,7.076325894,7.194558976,7.034501688,-
16200,7.035261672,6.864794273,6.949843648,7.073031687,-,-,7.095179753,-,6.921832081,7.008309535,-,-,7.134794873,-,6.959529972,7.046957892,-,-,-,-,-,-,7.324039306,-,7.139473848,7.231511139,-,-,-,-,-,-,-,-,-
16300,7.078689213,6.907169547,6.992743917,7.116692377,-,-,7.138977159,-,6.96455944,7.051570705,-,-,7.178836817,-,7.002490033,7.090457632,-,-,-,-,-,-,7.369249426,-,7.183544674,7.276150097,-,-,-,-,-,-,-,-,-
16400,6.904257755,6.741961688,6.822964316,7.160353066,-,-,6.907808881,-,6.745347785,6.826432289,-,-,6.970252658,-,6.804876281,6.887407016,-,-,-,-,-,-,7.222660627,-,7.045242546,7.133744576,-,-,-,-,-,-,-,-,-
16500,6.890644329,6.737688922,6.829439602,7.204013756,-,-,6.894160013,-,6.741050221,6.832893093,-,-,6.955975837,-,6.800139079,6.893610273,-,-,-,-,-,-,7.205754157,-,7.03865917,7.138850816,-,-,-,-,-,-,-,-,-
16600,6.93240581,6.7785234,6.870830145,6.988819455,-,-,6.935942801,-,6.781905071,6.874304567,-,-,6.998133266,-,6.841352043,6.935389729,-,-,-,-,-,-,7.249425395,-,7.08131771,7.182116578,-,-,-,-,-,-,-,-,-
16700,6.974167291,6.819357879,6.912220688,7.030920777,-,-,6.977725589,-,6.822759921,6.91571604,-,-,7.040290695,-,6.882565007,6.977169185,-,-,-,-,-,-,7.293096632,-,7.123976251,7.225382341,-,-,-,-,-,-,-,-,-
16800,6.788678533,6.642762611,6.730315828,7.073022099,-,-,6.735351802,-,6.591695032,6.677898523,-,-,6.819317631,-,6.672095904,6.760429209,-,-,-,-,-,-,7.139154359,-,6.977962134,7.074638608,-,-,-,-,-,-,-,-,-
16900,6.829087334,6.682302865,6.770377232,7.115123421,-,-,6.775443182,-,6.630931312,6.717647919,-,-,6.859908807,-,6.71181076,6.800669859,-,-,-,-,-,-,7.181649325,-,7.019497623,7.116749552,-,-,-,-,-,-,-,-,-
17000,6.811714186,6.675520663,6.774991986,6.88876718,-,-,6.758653072,-,6.624552209,6.722499234,-,-,6.842197501,-,6.704794576,6.805146785,-,-,-,-,-,-,7.160269913,-,7.009935533,7.119704597,-,-,-,-,-,-,-,-,-
17100,6.851783093,6.714788432,6.81484488,6.92928934,-,-,6.798409855,-,6.663520163,6.762043347,-,-,6.882445721,-,6.744234545,6.845177061,-,-,-,-,-,-,7.202389148,-,7.051170448,7.161585212,-,-,-,-,-,-,-,-,-
17200,6.654321929,6.525772223,6.619678198,6.9698115,-,-,6.544268828,-,6.419896286,6.510758653,-,-,6.648261923,-,6.519943991,6.613681099,-,-,-,-,-,-,7.040865436,-,6.897108609,7.002091686,-,-,-,-,-,-,-,-,-
17300,-,-,-,7.01033366,-,-,-,-,-,-,-,-,-,-,-,-,-,-,-,-,-,-,-,-,-,-,-,-,-,-,-,-,-,-,-
17400,-,-,-,6.772245356,-,-,-,-,-,-,-,-,-,-,-,-,-,-,-,-,-,-,-,-,-,-,-,-,-,-,-,-,-,-,-
17500,-,-,-,6.811166306,-,-,-,-,-,-,-,-,-,-,-,-,-,-,-,-,-,-,-,-,-,-,-,-,-,-,-,-,-,-,-
17600,-,-,-,6.850087257,-,-,-,-,-,-,-,-,-,-,-,-,-,-,-,-,-,-,-,-,-,-,-,-,-,-,-,-,-,-,-
17700,-,-,-,6.889008207,-,-,-,-,-,-,-,-,-,-,-,-,-,-,-,-,-,-,-,-,-,-,-,-,-,-,-,-,-,-,-
17800,-,-,-,6.638511585,-,-,-,-,-,-,-,-,-,-,-,-,-,-,-,-,-,-,-,-,-,-,-,-,-,-,-,-,-,-,-
17900,-,-,-,6.675806594,-,-,-,-,-,-,-,-,-,-,-,-,-,-,-,-,-,-,-,-,-,-,-,-,-,-,-,-,-,-,-
18000,-,-,-,6.713101602,-,-,-,-,-,-,-,-,-,-,-,-,-,-,-,-,-,-,-,-,-,-,-,-,-,-,-,-,-,-,-
18100,-,-,-,6.750396611,-,-,-,-,-,-,-,-,-,-,-,-,-,-,-,-,-,-,-,-,-,-,-,-,-,-,-,-,-,-,-
18200,-,-,-,6.48668147,-,-,-,-,-,-,-,-,-,-,-,-,-,-,-,-,-,-,-,-,-,-,-,-,-,-,-,-,-,-,-
18300,-,-,-,-,-,-,-,-,-,-,-,-,-,-,-,-,-,-,-,-,-,-,-,-,-,-,-,-,-,-,-,-,-,-,-
18400,-,-,-,-,-,-,-,-,-,-,-,-,-,-,-,-,-,-,-,-,-,-,-,-,-,-,-,-,-,-,-,-,-,-,-
18500,-,-,-,-,-,-,-,-,-,-,-,-,-,-,-,-,-,-,-,-,-,-,-,-,-,-,-,-,-,-,-,-,-,-,-
18600,-,-,-,-,-,-,-,-,-,-,-,-,-,-,-,-,-,-,-,-,-,-,-,-,-,-,-,-,-,-,-,-,-,-,-
18700,-,-,-,-,-,-,-,-,-,-,-,-,-,-,-,-,-,-,-,-,-,-,-,-,-,-,-,-,-,-,-,-,-,-,-
18800,-,-,-,-,-,-,-,-,-,-,-,-,-,-,-,-,-,-,-,-,-,-,-,-,-,-,-,-,-,-,-,-,-,-,-
18900,-,-,-,-,-,-,-,-,-,-,-,-,-,-,-,-,-,-,-,-,-,-,-,-,-,-,-,-,-,-,-,-,-,-,-
19000,-,-,-,-,-,-,-,-,-,-,-,-,-,-,-,-,-,-,-,-,-,-,-,-,-,-,-,-,-,-,-,-,-,-,-
